case,seed,algo,exact,graph_fallbacks
integer grid 60x60 (exact ties),0,Hamerly,True,
integer grid 60x60 (exact ties),0,Elkan,True,
integer grid 60x60 (exact ties),0,Yinyang,True,
integer grid 60x60 (exact ties),0,Exponion,True,
integer grid 60x60 (exact ties),0,Ball,True,
integer grid 60x60 (exact ties),0,DNAK,True,0
integer grid 60x60 (exact ties),0,DNAK-Lazy,True,
integer grid 60x60 (exact ties),0,DNAK-6,True,
integer grid 60x60 (exact ties),1,Hamerly,True,
integer grid 60x60 (exact ties),1,Elkan,True,
integer grid 60x60 (exact ties),1,Yinyang,True,
integer grid 60x60 (exact ties),1,Exponion,True,
integer grid 60x60 (exact ties),1,Ball,True,
integer grid 60x60 (exact ties),1,DNAK,True,0
integer grid 60x60 (exact ties),1,DNAK-Lazy,True,
integer grid 60x60 (exact ties),1,DNAK-6,True,
integer grid 60x60 (exact ties),2,Hamerly,True,
integer grid 60x60 (exact ties),2,Elkan,True,
integer grid 60x60 (exact ties),2,Yinyang,True,
integer grid 60x60 (exact ties),2,Exponion,True,
integer grid 60x60 (exact ties),2,Ball,True,
integer grid 60x60 (exact ties),2,DNAK,True,0
integer grid 60x60 (exact ties),2,DNAK-Lazy,True,
integer grid 60x60 (exact ties),2,DNAK-6,True,
duplicated points (x3),0,Hamerly,True,
duplicated points (x3),0,Elkan,True,
duplicated points (x3),0,Yinyang,True,
duplicated points (x3),0,Exponion,True,
duplicated points (x3),0,Ball,True,
duplicated points (x3),0,DNAK,True,0
duplicated points (x3),0,DNAK-Lazy,True,
duplicated points (x3),0,DNAK-6,True,
duplicated points (x3),1,Hamerly,True,
duplicated points (x3),1,Elkan,True,
duplicated points (x3),1,Yinyang,True,
duplicated points (x3),1,Exponion,True,
duplicated points (x3),1,Ball,True,
duplicated points (x3),1,DNAK,True,0
duplicated points (x3),1,DNAK-Lazy,True,
duplicated points (x3),1,DNAK-6,True,
duplicated points (x3),2,Hamerly,True,
duplicated points (x3),2,Elkan,True,
duplicated points (x3),2,Yinyang,True,
duplicated points (x3),2,Exponion,True,
duplicated points (x3),2,Ball,True,
duplicated points (x3),2,DNAK,True,0
duplicated points (x3),2,DNAK-Lazy,True,
duplicated points (x3),2,DNAK-6,True,
collinear points in R^2,0,Hamerly,True,
collinear points in R^2,0,Elkan,True,
collinear points in R^2,0,Yinyang,True,
collinear points in R^2,0,Exponion,True,
collinear points in R^2,0,Ball,True,
collinear points in R^2,0,DNAK,True,38
collinear points in R^2,0,DNAK-Lazy,True,
collinear points in R^2,0,DNAK-6,True,
collinear points in R^2,1,Hamerly,True,
collinear points in R^2,1,Elkan,True,
collinear points in R^2,1,Yinyang,True,
collinear points in R^2,1,Exponion,True,
collinear points in R^2,1,Ball,True,
collinear points in R^2,1,DNAK,True,66
collinear points in R^2,1,DNAK-Lazy,True,
collinear points in R^2,1,DNAK-6,True,
collinear points in R^2,2,Hamerly,True,
collinear points in R^2,2,Elkan,True,
collinear points in R^2,2,Yinyang,True,
collinear points in R^2,2,Exponion,True,
collinear points in R^2,2,Ball,True,
collinear points in R^2,2,DNAK,True,99
collinear points in R^2,2,DNAK-Lazy,True,
collinear points in R^2,2,DNAK-6,True,
points on a circle,0,Hamerly,True,
points on a circle,0,Elkan,True,
points on a circle,0,Yinyang,True,
points on a circle,0,Exponion,True,
points on a circle,0,Ball,True,
points on a circle,0,DNAK,True,0
points on a circle,0,DNAK-Lazy,True,
points on a circle,0,DNAK-6,True,
points on a circle,1,Hamerly,True,
points on a circle,1,Elkan,True,
points on a circle,1,Yinyang,True,
points on a circle,1,Exponion,True,
points on a circle,1,Ball,True,
points on a circle,1,DNAK,True,0
points on a circle,1,DNAK-Lazy,True,
points on a circle,1,DNAK-6,True,
points on a circle,2,Hamerly,True,
points on a circle,2,Elkan,True,
points on a circle,2,Yinyang,True,
points on a circle,2,Exponion,True,
points on a circle,2,Ball,True,
points on a circle,2,DNAK,True,0
points on a circle,2,DNAK-Lazy,True,
points on a circle,2,DNAK-6,True,
scale 1e6,0,Hamerly,True,
scale 1e6,0,Elkan,True,
scale 1e6,0,Yinyang,True,
scale 1e6,0,Exponion,True,
scale 1e6,0,Ball,True,
scale 1e6,0,DNAK,True,0
scale 1e6,0,DNAK-Lazy,True,
scale 1e6,0,DNAK-6,True,
scale 1e6,1,Hamerly,True,
scale 1e6,1,Elkan,True,
scale 1e6,1,Yinyang,True,
scale 1e6,1,Exponion,True,
scale 1e6,1,Ball,True,
scale 1e6,1,DNAK,True,0
scale 1e6,1,DNAK-Lazy,True,
scale 1e6,1,DNAK-6,True,
scale 1e6,2,Hamerly,True,
scale 1e6,2,Elkan,True,
scale 1e6,2,Yinyang,True,
scale 1e6,2,Exponion,True,
scale 1e6,2,Ball,True,
scale 1e6,2,DNAK,True,0
scale 1e6,2,DNAK-Lazy,True,
scale 1e6,2,DNAK-6,True,
scale 1e-6,0,Hamerly,True,
scale 1e-6,0,Elkan,True,
scale 1e-6,0,Yinyang,True,
scale 1e-6,0,Exponion,True,
scale 1e-6,0,Ball,True,
scale 1e-6,0,DNAK,True,0
scale 1e-6,0,DNAK-Lazy,True,
scale 1e-6,0,DNAK-6,True,
scale 1e-6,1,Hamerly,True,
scale 1e-6,1,Elkan,True,
scale 1e-6,1,Yinyang,True,
scale 1e-6,1,Exponion,True,
scale 1e-6,1,Ball,True,
scale 1e-6,1,DNAK,True,0
scale 1e-6,1,DNAK-Lazy,True,
scale 1e-6,1,DNAK-6,True,
scale 1e-6,2,Hamerly,True,
scale 1e-6,2,Elkan,True,
scale 1e-6,2,Yinyang,True,
scale 1e-6,2,Exponion,True,
scale 1e-6,2,Ball,True,
scale 1e-6,2,DNAK,True,0
scale 1e-6,2,DNAK-Lazy,True,
scale 1e-6,2,DNAK-6,True,
"k close to n (n=60, k=50)",0,Hamerly,True,
"k close to n (n=60, k=50)",0,Elkan,True,
"k close to n (n=60, k=50)",0,Yinyang,True,
"k close to n (n=60, k=50)",0,Exponion,True,
"k close to n (n=60, k=50)",0,Ball,True,
"k close to n (n=60, k=50)",0,DNAK,True,0
"k close to n (n=60, k=50)",0,DNAK-Lazy,True,
"k close to n (n=60, k=50)",0,DNAK-6,True,
"k close to n (n=60, k=50)",1,Hamerly,True,
"k close to n (n=60, k=50)",1,Elkan,True,
"k close to n (n=60, k=50)",1,Yinyang,True,
"k close to n (n=60, k=50)",1,Exponion,True,
"k close to n (n=60, k=50)",1,Ball,True,
"k close to n (n=60, k=50)",1,DNAK,True,0
"k close to n (n=60, k=50)",1,DNAK-Lazy,True,
"k close to n (n=60, k=50)",1,DNAK-6,True,
"k close to n (n=60, k=50)",2,Hamerly,True,
"k close to n (n=60, k=50)",2,Elkan,True,
"k close to n (n=60, k=50)",2,Yinyang,True,
"k close to n (n=60, k=50)",2,Exponion,True,
"k close to n (n=60, k=50)",2,Ball,True,
"k close to n (n=60, k=50)",2,DNAK,True,0
"k close to n (n=60, k=50)",2,DNAK-Lazy,True,
"k close to n (n=60, k=50)",2,DNAK-6,True,
k = 3 in d = 3,0,Hamerly,True,
k = 3 in d = 3,0,Elkan,True,
k = 3 in d = 3,0,Yinyang,True,
k = 3 in d = 3,0,Exponion,True,
k = 3 in d = 3,0,Ball,True,
k = 3 in d = 3,0,DNAK,True,0
k = 3 in d = 3,0,DNAK-Lazy,True,
k = 3 in d = 3,0,DNAK-6,True,
k = 3 in d = 3,1,Hamerly,True,
k = 3 in d = 3,1,Elkan,True,
k = 3 in d = 3,1,Yinyang,True,
k = 3 in d = 3,1,Exponion,True,
k = 3 in d = 3,1,Ball,True,
k = 3 in d = 3,1,DNAK,True,0
k = 3 in d = 3,1,DNAK-Lazy,True,
k = 3 in d = 3,1,DNAK-6,True,
k = 3 in d = 3,2,Hamerly,True,
k = 3 in d = 3,2,Elkan,True,
k = 3 in d = 3,2,Yinyang,True,
k = 3 in d = 3,2,Exponion,True,
k = 3 in d = 3,2,Ball,True,
k = 3 in d = 3,2,DNAK,True,0
k = 3 in d = 3,2,DNAK-Lazy,True,
k = 3 in d = 3,2,DNAK-6,True,
overlapping clusters (spread 5),0,Hamerly,True,
overlapping clusters (spread 5),0,Elkan,True,
overlapping clusters (spread 5),0,Yinyang,True,
overlapping clusters (spread 5),0,Exponion,True,
overlapping clusters (spread 5),0,Ball,True,
overlapping clusters (spread 5),0,DNAK,True,0
overlapping clusters (spread 5),0,DNAK-Lazy,True,
overlapping clusters (spread 5),0,DNAK-6,True,
overlapping clusters (spread 5),1,Hamerly,True,
overlapping clusters (spread 5),1,Elkan,True,
overlapping clusters (spread 5),1,Yinyang,True,
overlapping clusters (spread 5),1,Exponion,True,
overlapping clusters (spread 5),1,Ball,True,
overlapping clusters (spread 5),1,DNAK,True,0
overlapping clusters (spread 5),1,DNAK-Lazy,True,
overlapping clusters (spread 5),1,DNAK-6,True,
overlapping clusters (spread 5),2,Hamerly,True,
overlapping clusters (spread 5),2,Elkan,True,
overlapping clusters (spread 5),2,Yinyang,True,
overlapping clusters (spread 5),2,Exponion,True,
overlapping clusters (spread 5),2,Ball,True,
overlapping clusters (spread 5),2,DNAK,True,0
overlapping clusters (spread 5),2,DNAK-Lazy,True,
overlapping clusters (spread 5),2,DNAK-6,True,
"8-bit RGB, no jitter",0,Hamerly,True,
"8-bit RGB, no jitter",0,Elkan,True,
"8-bit RGB, no jitter",0,Yinyang,True,
"8-bit RGB, no jitter",0,Exponion,True,
"8-bit RGB, no jitter",0,Ball,True,
"8-bit RGB, no jitter",0,DNAK,True,0
"8-bit RGB, no jitter",0,DNAK-Lazy,True,
"8-bit RGB, no jitter",0,DNAK-6,True,
"8-bit RGB, no jitter",1,Hamerly,True,
"8-bit RGB, no jitter",1,Elkan,True,
"8-bit RGB, no jitter",1,Yinyang,True,
"8-bit RGB, no jitter",1,Exponion,True,
"8-bit RGB, no jitter",1,Ball,True,
"8-bit RGB, no jitter",1,DNAK,True,0
"8-bit RGB, no jitter",1,DNAK-Lazy,True,
"8-bit RGB, no jitter",1,DNAK-6,True,
"8-bit RGB, no jitter",2,Hamerly,True,
"8-bit RGB, no jitter",2,Elkan,True,
"8-bit RGB, no jitter",2,Yinyang,True,
"8-bit RGB, no jitter",2,Exponion,True,
"8-bit RGB, no jitter",2,Ball,True,
"8-bit RGB, no jitter",2,DNAK,True,0
"8-bit RGB, no jitter",2,DNAK-Lazy,True,
"8-bit RGB, no jitter",2,DNAK-6,True,
