n,d,k,seed,algo,iters,comps,time_s,exact_vs_dnak
100000,2,128,101,DNAK,194,28549124,0.6693,True
100000,2,128,101,Hamerly,194,199645825,2.3895,True
100000,2,128,101,Yinyang,194,31065824,0.8182,True
100000,2,128,101,Exponion,194,22402534,0.7745,True
100000,2,128,101,Ball,194,47959177,1.1900,True
100000,2,128,202,DNAK,144,25819554,0.4498,True
100000,2,128,202,Hamerly,144,162454375,1.6646,True
100000,2,128,202,Yinyang,144,28924555,0.6352,True
100000,2,128,202,Exponion,144,20434147,0.4846,True
100000,2,128,202,Ball,144,38807690,0.7409,True
100000,2,128,303,DNAK,146,26491317,0.4406,True
100000,2,128,303,Hamerly,146,166537729,1.6445,True
100000,2,128,303,Yinyang,146,29943799,0.6467,True
100000,2,128,303,Exponion,146,20766107,0.5641,True
100000,2,128,303,Ball,146,38972434,0.9438,True
300000,2,128,101,DNAK,321,91816077,1.8297,True
300000,2,128,101,Hamerly,321,670483894,6.3506,True
300000,2,128,101,Yinyang,321,105811585,2.8392,True
300000,2,128,101,Exponion,321,72265058,2.0869,True
300000,2,128,101,Ball,321,213299165,3.8251,True
300000,2,128,202,DNAK,424,108304939,2.2468,True
300000,2,128,202,Hamerly,424,892003832,9.2611,True
300000,2,128,202,Yinyang,424,110052414,3.7930,True
300000,2,128,202,Exponion,424,82746467,2.6939,True
300000,2,128,202,Ball,424,268540821,5.2809,True
300000,2,128,303,DNAK,153,76559853,1.6138,True
300000,2,128,303,Hamerly,153,486743089,4.5650,True
300000,2,128,303,Yinyang,153,85253412,1.9853,True
300000,2,128,303,Exponion,153,61432333,1.4708,True
300000,2,128,303,Ball,153,121835015,2.1160,True
1000000,2,128,101,DNAK,213,270690239,4.2091,True
1000000,2,128,101,Hamerly,213,1772607999,18.2769,True
1000000,2,128,101,Yinyang,213,318801082,10.0306,True
1000000,2,128,101,Exponion,213,212299912,5.5018,True
1000000,2,128,101,Ball,213,514052710,9.3709,True
1000000,2,128,202,DNAK,481,418996120,8.6508,True
1000000,2,128,202,Hamerly,481,3583299944,36.9275,True
1000000,2,128,202,Yinyang,481,442337291,17.8575,True
1000000,2,128,202,Exponion,481,311264534,10.2979,True
1000000,2,128,202,Ball,481,998311694,18.5163,True
1000000,2,128,303,DNAK,249,319462796,5.1019,True
1000000,2,128,303,Hamerly,249,2373080229,23.0560,True
1000000,2,128,303,Yinyang,249,376490592,11.2749,True
1000000,2,128,303,Exponion,249,241931027,6.4678,True
1000000,2,128,303,Ball,249,581904690,10.0783,True
