config,dataset,n,d,k,seed,algo,iters,comps,time_s,graph_time_s,sse,exact,walks,hops,rebuilds,examined,failed
sweep-2D-k64,Gaussian mixture,100000,2,64,101,Lloyd,84,544000000,4.1025,0.0000,53929.576401572245,True,0,0,0,0,0
sweep-2D-k64,Gaussian mixture,100000,2,64,101,Hamerly,84,40445875,0.4176,0.0000,53929.576401572245,True,0,0,0,0,0
sweep-2D-k64,Gaussian mixture,100000,2,64,101,Yinyang,84,15961250,0.2971,0.0000,53929.576401572245,True,0,0,0,0,0
sweep-2D-k64,Gaussian mixture,100000,2,64,101,Exponion,84,9489583,0.2075,0.0000,53929.576401572245,True,0,0,0,0,0
sweep-2D-k64,Gaussian mixture,100000,2,64,101,Ball,84,19627390,0.3998,0.0000,53929.576401572245,True,0,0,0,0,0
sweep-2D-k64,Gaussian mixture,100000,2,64,101,DNAK,84,12911175,0.2212,0.0220,53929.576401572245,True,911571,42132,0,0,0
sweep-2D-k64,Gaussian mixture,100000,2,64,202,Lloyd,69,448000000,3.1649,0.0000,54250.93596711798,True,0,0,0,0,0
sweep-2D-k64,Gaussian mixture,100000,2,64,202,Hamerly,69,37576217,0.3699,0.0000,54250.93596711798,True,0,0,0,0,0
sweep-2D-k64,Gaussian mixture,100000,2,64,202,Yinyang,69,14588559,0.2977,0.0000,54250.93596711798,True,0,0,0,0,0
sweep-2D-k64,Gaussian mixture,100000,2,64,202,Exponion,69,9214868,0.1901,0.0000,54250.93596711798,True,0,0,0,0,0
sweep-2D-k64,Gaussian mixture,100000,2,64,202,Ball,69,17398493,0.2982,0.0000,54250.93596711798,True,0,0,0,0,0
sweep-2D-k64,Gaussian mixture,100000,2,64,202,DNAK,69,12303951,0.2493,0.0238,54250.93596711798,True,817146,47252,0,0,0
sweep-2D-k64,Gaussian mixture,100000,2,64,303,Lloyd,136,876800000,6.4260,0.0000,55977.51772185816,True,0,0,0,0,0
sweep-2D-k64,Gaussian mixture,100000,2,64,303,Hamerly,136,59240179,0.5719,0.0000,55977.51772185816,True,0,0,0,0,0
sweep-2D-k64,Gaussian mixture,100000,2,64,303,Yinyang,136,18342793,0.3622,0.0000,55977.51772185816,True,0,0,0,0,0
sweep-2D-k64,Gaussian mixture,100000,2,64,303,Exponion,136,11245253,0.2799,0.0000,55977.51772185816,True,0,0,0,0,0
sweep-2D-k64,Gaussian mixture,100000,2,64,303,Ball,136,28328519,0.5151,0.0000,55977.51772185816,True,0,0,0,0,0
sweep-2D-k64,Gaussian mixture,100000,2,64,303,DNAK,136,15833223,0.2983,0.0416,55977.51772185816,True,1332626,51764,0,0,0
sweep-2D-k96,Gaussian mixture,100000,2,96,101,Lloyd,131,1267200000,9.0936,0.0000,44659.16330883647,True,0,0,0,0,0
sweep-2D-k96,Gaussian mixture,100000,2,96,101,Hamerly,131,115799310,1.1193,0.0000,44659.16330883647,True,0,0,0,0,0
sweep-2D-k96,Gaussian mixture,100000,2,96,101,Yinyang,131,26459696,0.5884,0.0000,44659.16330883647,True,0,0,0,0,0
sweep-2D-k96,Gaussian mixture,100000,2,96,101,Exponion,131,16194025,0.4062,0.0000,44659.16330883647,True,0,0,0,0,0
sweep-2D-k96,Gaussian mixture,100000,2,96,101,Ball,131,32367908,0.6210,0.0000,44659.16330883647,True,0,0,0,0,0
sweep-2D-k96,Gaussian mixture,100000,2,96,101,DNAK,131,21923898,0.3553,0.0478,44659.16330883647,True,1722431,66504,0,0,0
sweep-2D-k96,Gaussian mixture,100000,2,96,202,Lloyd,96,931200000,6.8768,0.0000,45188.899056647046,True,0,0,0,0,0
sweep-2D-k96,Gaussian mixture,100000,2,96,202,Hamerly,96,93445482,0.8504,0.0000,45188.899056647046,True,0,0,0,0,0
sweep-2D-k96,Gaussian mixture,100000,2,96,202,Yinyang,96,24258860,0.5601,0.0000,45188.899056647046,True,0,0,0,0,0
sweep-2D-k96,Gaussian mixture,100000,2,96,202,Exponion,96,14750014,0.3251,0.0000,45188.899056647046,True,0,0,0,0,0
sweep-2D-k96,Gaussian mixture,100000,2,96,202,Ball,96,26492404,0.4421,0.0000,45188.899056647046,True,0,0,0,0,0
sweep-2D-k96,Gaussian mixture,100000,2,96,202,DNAK,96,19728389,0.2684,0.0327,45188.899056647046,True,1400703,65911,0,0,0
sweep-2D-k96,Gaussian mixture,100000,2,96,303,Lloyd,136,1315200000,10.3430,0.0000,45672.600708509024,True,0,0,0,0,0
sweep-2D-k96,Gaussian mixture,100000,2,96,303,Hamerly,136,106529114,0.9724,0.0000,45672.600708509024,True,0,0,0,0,0
sweep-2D-k96,Gaussian mixture,100000,2,96,303,Yinyang,136,23490239,0.4646,0.0000,45672.600708509024,True,0,0,0,0,0
sweep-2D-k96,Gaussian mixture,100000,2,96,303,Exponion,136,15729187,0.3773,0.0000,45672.600708509024,True,0,0,0,0,0
sweep-2D-k96,Gaussian mixture,100000,2,96,303,Ball,136,33065416,0.6082,0.0000,45672.600708509024,True,0,0,0,0,0
sweep-2D-k96,Gaussian mixture,100000,2,96,303,DNAK,136,21007674,0.4451,0.0629,45672.600708509024,True,1585100,60017,0,0,0
sweep-2D-k128,Gaussian mixture,100000,2,128,101,Lloyd,221,2841600000,23.0847,0.0000,39719.80160250726,True,0,0,0,0,0
sweep-2D-k128,Gaussian mixture,100000,2,128,101,Hamerly,221,197182110,2.1962,0.0000,39719.80160250726,True,0,0,0,0,0
sweep-2D-k128,Gaussian mixture,100000,2,128,101,Yinyang,221,30971506,0.8137,0.0000,39719.80160250726,True,0,0,0,0,0
sweep-2D-k128,Gaussian mixture,100000,2,128,101,Exponion,221,22609902,0.7780,0.0000,39719.80160250726,True,0,0,0,0,0
sweep-2D-k128,Gaussian mixture,100000,2,128,101,Ball,221,52602300,1.3918,0.0000,39719.80160250726,True,0,0,0,0,0
sweep-2D-k128,Gaussian mixture,100000,2,128,101,DNAK,221,28611792,0.6709,0.1177,39719.80160250726,True,2191929,69653,0,0,0
sweep-2D-k128,Gaussian mixture,100000,2,128,202,Lloyd,149,1920000000,12.7912,0.0000,40109.332006386234,True,0,0,0,0,0
sweep-2D-k128,Gaussian mixture,100000,2,128,202,Hamerly,149,219783935,1.9349,0.0000,40109.332006386234,True,0,0,0,0,0
sweep-2D-k128,Gaussian mixture,100000,2,128,202,Yinyang,149,30444243,0.4849,0.0000,40109.332006386234,True,0,0,0,0,0
sweep-2D-k128,Gaussian mixture,100000,2,128,202,Exponion,149,22948181,0.4509,0.0000,40109.332006386234,True,0,0,0,0,0
sweep-2D-k128,Gaussian mixture,100000,2,128,202,Ball,149,39863075,0.6065,0.0000,40109.332006386234,True,0,0,0,0,0
sweep-2D-k128,Gaussian mixture,100000,2,128,202,DNAK,149,30500383,0.6475,0.0854,40109.332006386234,True,2501172,72081,0,0,0
sweep-2D-k128,Gaussian mixture,100000,2,128,303,Lloyd,221,2841600000,20.8305,0.0000,39933.37887867159,True,0,0,0,0,0
sweep-2D-k128,Gaussian mixture,100000,2,128,303,Hamerly,221,192947956,2.1234,0.0000,39933.37887867159,True,0,0,0,0,0
sweep-2D-k128,Gaussian mixture,100000,2,128,303,Yinyang,221,33351935,0.7697,0.0000,39933.37887867159,True,0,0,0,0,0
sweep-2D-k128,Gaussian mixture,100000,2,128,303,Exponion,221,22370714,0.6748,0.0000,39933.37887867159,True,0,0,0,0,0
sweep-2D-k128,Gaussian mixture,100000,2,128,303,Ball,221,52725652,1.0303,0.0000,39933.37887867159,True,0,0,0,0,0
sweep-2D-k128,Gaussian mixture,100000,2,128,303,DNAK,221,28120644,0.5278,0.1026,39933.37887867159,True,2143182,70826,0,0,0
sweep-2D-k192,Gaussian mixture,100000,2,192,101,Lloyd,203,3916800000,28.2339,0.0000,29762.776326187402,True,0,0,0,0,0
sweep-2D-k192,Gaussian mixture,100000,2,192,101,Hamerly,203,339682339,3.2893,0.0000,29762.776326187402,True,0,0,0,0,0
sweep-2D-k192,Gaussian mixture,100000,2,192,101,Yinyang,203,39186440,1.0631,0.0000,29762.776326187402,True,0,0,0,0,0
sweep-2D-k192,Gaussian mixture,100000,2,192,101,Exponion,203,31295085,0.8879,0.0000,29762.776326187402,True,0,0,0,0,0
sweep-2D-k192,Gaussian mixture,100000,2,192,101,Ball,203,56780703,1.4806,0.0000,29762.776326187402,True,0,0,0,0,0
sweep-2D-k192,Gaussian mixture,100000,2,192,101,DNAK,203,37970461,0.7823,0.1548,29762.776326187402,True,2577275,74981,0,0,0
sweep-2D-k192,Gaussian mixture,100000,2,192,202,Lloyd,93,1804800000,14.3308,0.0000,29781.71650328741,True,0,0,0,0,0
sweep-2D-k192,Gaussian mixture,100000,2,192,202,Hamerly,93,207800143,2.4166,0.0000,29781.71650328741,True,0,0,0,0,0
sweep-2D-k192,Gaussian mixture,100000,2,192,202,Yinyang,93,38832955,0.7338,0.0000,29781.71650328741,True,0,0,0,0,0
sweep-2D-k192,Gaussian mixture,100000,2,192,202,Exponion,93,26011993,0.5596,0.0000,29781.71650328741,True,0,0,0,0,0
sweep-2D-k192,Gaussian mixture,100000,2,192,202,Ball,93,36631184,0.6884,0.0000,29781.71650328741,True,0,0,0,0,0
sweep-2D-k192,Gaussian mixture,100000,2,192,202,DNAK,93,30610127,0.5028,0.0671,29781.71650328741,True,1549540,59530,0,0,0
sweep-2D-k192,Gaussian mixture,100000,2,192,303,Lloyd,120,2323200000,17.8308,0.0000,30003.034246845804,True,0,0,0,0,0
sweep-2D-k192,Gaussian mixture,100000,2,192,303,Hamerly,120,254986332,2.7603,0.0000,30003.034246845804,True,0,0,0,0,0
sweep-2D-k192,Gaussian mixture,100000,2,192,303,Yinyang,120,35840463,0.7500,0.0000,30003.034246845804,True,0,0,0,0,0
sweep-2D-k192,Gaussian mixture,100000,2,192,303,Exponion,120,27620062,0.6349,0.0000,30003.034246845804,True,0,0,0,0,0
sweep-2D-k192,Gaussian mixture,100000,2,192,303,Ball,120,41463683,0.8856,0.0000,30003.034246845804,True,0,0,0,0,0
sweep-2D-k192,Gaussian mixture,100000,2,192,303,DNAK,120,33605368,0.6147,0.0912,30003.034246845804,True,1977695,68701,0,0,0
sweep-2D-k256,Gaussian mixture,100000,2,256,101,Lloyd,156,4019200000,33.0974,0.0000,24540.90457776366,True,0,0,0,0,0
sweep-2D-k256,Gaussian mixture,100000,2,256,101,Hamerly,156,434294338,4.2320,0.0000,24540.90457776366,True,0,0,0,0,0
sweep-2D-k256,Gaussian mixture,100000,2,256,101,Yinyang,156,48825557,1.5680,0.0000,24540.90457776366,True,0,0,0,0,0
sweep-2D-k256,Gaussian mixture,100000,2,256,101,Exponion,156,37136746,1.0000,0.0000,24540.90457776366,True,0,0,0,0,0
sweep-2D-k256,Gaussian mixture,100000,2,256,101,Ball,156,54453121,1.3026,0.0000,24540.90457776366,True,0,0,0,0,0
sweep-2D-k256,Gaussian mixture,100000,2,256,101,DNAK,156,44154525,0.6011,0.1178,24540.90457776366,True,2535679,81149,0,0,0
sweep-2D-k256,Gaussian mixture,100000,2,256,202,Lloyd,169,4352000000,31.1243,0.0000,24686.846201684417,True,0,0,0,0,0
sweep-2D-k256,Gaussian mixture,100000,2,256,202,Hamerly,169,431131617,4.1252,0.0000,24686.846201684417,True,0,0,0,0,0
sweep-2D-k256,Gaussian mixture,100000,2,256,202,Yinyang,169,45270567,0.9968,0.0000,24686.846201684417,True,0,0,0,0,0
sweep-2D-k256,Gaussian mixture,100000,2,256,202,Exponion,169,37265157,1.0510,0.0000,24686.846201684417,True,0,0,0,0,0
sweep-2D-k256,Gaussian mixture,100000,2,256,202,Ball,169,57003224,1.4039,0.0000,24686.846201684417,True,0,0,0,0,0
sweep-2D-k256,Gaussian mixture,100000,2,256,202,DNAK,169,43484358,0.6311,0.1386,24686.846201684417,True,2447021,73538,0,0,0
sweep-2D-k256,Gaussian mixture,100000,2,256,303,Lloyd,170,4377600000,34.2343,0.0000,24727.55802484987,True,0,0,0,0,0
sweep-2D-k256,Gaussian mixture,100000,2,256,303,Hamerly,170,415457722,3.7599,0.0000,24727.55802484987,True,0,0,0,0,0
sweep-2D-k256,Gaussian mixture,100000,2,256,303,Yinyang,170,42647010,1.0440,0.0000,24727.55802484987,True,0,0,0,0,0
sweep-2D-k256,Gaussian mixture,100000,2,256,303,Exponion,170,36803947,1.0222,0.0000,24727.55802484987,True,0,0,0,0,0
sweep-2D-k256,Gaussian mixture,100000,2,256,303,Ball,170,57026853,1.3791,0.0000,24727.55802484987,True,0,0,0,0,0
sweep-2D-k256,Gaussian mixture,100000,2,256,303,DNAK,170,42818999,0.6203,0.1287,24727.55802484987,True,2381773,65663,0,0,0
sweep-2D-k384,Gaussian mixture,100000,2,384,101,Lloyd,106,4108800000,32.1654,0.0000,17481.1590105789,True,0,0,0,0,0
sweep-2D-k384,Gaussian mixture,100000,2,384,101,Hamerly,106,486557697,4.9422,0.0000,17481.1590105789,True,0,0,0,0,0
sweep-2D-k384,Gaussian mixture,100000,2,384,101,Yinyang,106,55828715,1.3322,0.0000,17481.1590105789,True,0,0,0,0,0
sweep-2D-k384,Gaussian mixture,100000,2,384,101,Exponion,106,46920594,1.5124,0.0000,17481.1590105789,True,0,0,0,0,0
sweep-2D-k384,Gaussian mixture,100000,2,384,101,Ball,106,57863379,1.3142,0.0000,17481.1590105789,True,0,0,0,0,0
sweep-2D-k384,Gaussian mixture,100000,2,384,101,DNAK,106,52482887,0.6334,0.1179,17481.1590105789,True,1916343,64319,0,0,0
sweep-2D-k384,Gaussian mixture,100000,2,384,202,Lloyd,148,5721600000,42.8524,0.0000,17397.012753010495,True,0,0,0,0,0
sweep-2D-k384,Gaussian mixture,100000,2,384,202,Hamerly,148,588816810,6.7823,0.0000,17397.012753010495,True,0,0,0,0,0
sweep-2D-k384,Gaussian mixture,100000,2,384,202,Yinyang,148,56859242,1.5128,0.0000,17397.012753010495,True,0,0,0,0,0
sweep-2D-k384,Gaussian mixture,100000,2,384,202,Exponion,148,49081356,1.8429,0.0000,17397.012753010495,True,0,0,0,0,0
sweep-2D-k384,Gaussian mixture,100000,2,384,202,Ball,148,65356295,2.0556,0.0000,17397.012753010495,True,0,0,0,0,0
sweep-2D-k384,Gaussian mixture,100000,2,384,202,DNAK,148,55303932,0.9411,0.1710,17397.012753010495,True,2331144,63692,0,0,0
sweep-2D-k384,Gaussian mixture,100000,2,384,303,Lloyd,157,6067200000,45.3233,0.0000,17437.912057234927,True,0,0,0,0,0
sweep-2D-k384,Gaussian mixture,100000,2,384,303,Hamerly,157,645426873,6.3249,0.0000,17437.912057234927,True,0,0,0,0,0
sweep-2D-k384,Gaussian mixture,100000,2,384,303,Yinyang,157,61423754,1.6232,0.0000,17437.912057234927,True,0,0,0,0,0
sweep-2D-k384,Gaussian mixture,100000,2,384,303,Exponion,157,50224368,1.7738,0.0000,17437.912057234927,True,0,0,0,0,0
sweep-2D-k384,Gaussian mixture,100000,2,384,303,Ball,157,67114406,2.0590,0.0000,17437.912057234927,True,0,0,0,0,0
sweep-2D-k384,Gaussian mixture,100000,2,384,303,DNAK,157,56919132,1.0100,0.2122,17437.912057234927,True,2538666,71081,0,0,0
sweep-2D-k512,Gaussian mixture,100000,2,512,101,Lloyd,90,4659200000,33.4082,0.0000,13242.382730731635,True,0,0,0,0,0
sweep-2D-k512,Gaussian mixture,100000,2,512,101,Hamerly,90,582863662,6.4749,0.0000,13242.382730731635,True,0,0,0,0,0
sweep-2D-k512,Gaussian mixture,100000,2,512,101,Yinyang,90,66402453,1.6303,0.0000,13242.382730731635,True,0,0,0,0,0
sweep-2D-k512,Gaussian mixture,100000,2,512,101,Exponion,90,58731652,1.9118,0.0000,13242.382730731635,True,0,0,0,0,0
sweep-2D-k512,Gaussian mixture,100000,2,512,101,Ball,90,67681026,1.5963,0.0000,13242.382730731635,True,0,0,0,0,0
sweep-2D-k512,Gaussian mixture,100000,2,512,101,DNAK,90,63715212,0.7441,0.1039,13242.382730731635,True,1704712,56175,0,0,0
sweep-2D-k512,Gaussian mixture,100000,2,512,202,Lloyd,105,5427200000,37.8236,0.0000,13182.675736441877,True,0,0,0,0,0
sweep-2D-k512,Gaussian mixture,100000,2,512,202,Hamerly,105,745057089,6.4959,0.0000,13182.675736441877,True,0,0,0,0,0
sweep-2D-k512,Gaussian mixture,100000,2,512,202,Yinyang,105,68833579,1.6944,0.0000,13182.675736441877,True,0,0,0,0,0
sweep-2D-k512,Gaussian mixture,100000,2,512,202,Exponion,105,60845745,2.1831,0.0000,13182.675736441877,True,0,0,0,0,0
sweep-2D-k512,Gaussian mixture,100000,2,512,202,Ball,105,70360975,1.9248,0.0000,13182.675736441877,True,0,0,0,0,0
sweep-2D-k512,Gaussian mixture,100000,2,512,202,DNAK,105,67708330,0.9338,0.1908,13182.675736441877,True,2271636,62236,0,0,0
sweep-2D-k512,Gaussian mixture,100000,2,512,303,Lloyd,91,4710400000,36.4100,0.0000,13293.51067989201,True,0,0,0,0,0
sweep-2D-k512,Gaussian mixture,100000,2,512,303,Hamerly,91,595313719,6.5204,0.0000,13293.51067989201,True,0,0,0,0,0
sweep-2D-k512,Gaussian mixture,100000,2,512,303,Yinyang,91,65260386,1.9594,0.0000,13293.51067989201,True,0,0,0,0,0
sweep-2D-k512,Gaussian mixture,100000,2,512,303,Exponion,91,58693501,1.8273,0.0000,13293.51067989201,True,0,0,0,0,0
sweep-2D-k512,Gaussian mixture,100000,2,512,303,Ball,91,67846479,1.6693,0.0000,13293.51067989201,True,0,0,0,0,0
sweep-2D-k512,Gaussian mixture,100000,2,512,303,DNAK,91,64379621,0.7441,0.1467,13293.51067989201,True,1810138,55663,0,0,0
sweep-3D-k64,Gaussian mixture,100000,3,64,101,Lloyd,48,313600000,2.6227,0.0000,126621.43620165743,True,0,0,0,0,0
sweep-3D-k64,Gaussian mixture,100000,3,64,101,Hamerly,48,24150536,0.2232,0.0000,126621.43620165743,True,0,0,0,0,0
sweep-3D-k64,Gaussian mixture,100000,3,64,101,Yinyang,48,9732149,0.1439,0.0000,126621.43620165743,True,0,0,0,0,0
sweep-3D-k64,Gaussian mixture,100000,3,64,101,Exponion,48,7848396,0.1345,0.0000,126621.43620165743,True,0,0,0,0,0
sweep-3D-k64,Gaussian mixture,100000,3,64,101,Ball,48,12776921,0.1743,0.0000,126621.43620165743,True,0,0,0,0,0
sweep-3D-k64,Gaussian mixture,100000,3,64,101,DNAK,48,13721733,0.1586,0.0260,126621.43620165743,True,545795,19705,0,0,0
sweep-3D-k64,Gaussian mixture,100000,3,64,202,Lloyd,57,371200000,2.3995,0.0000,146846.68139351648,True,0,0,0,0,0
sweep-3D-k64,Gaussian mixture,100000,3,64,202,Hamerly,57,19688053,0.2454,0.0000,146846.68139351648,True,0,0,0,0,0
sweep-3D-k64,Gaussian mixture,100000,3,64,202,Yinyang,57,8664012,0.1711,0.0000,146846.68139351648,True,0,0,0,0,0
sweep-3D-k64,Gaussian mixture,100000,3,64,202,Exponion,57,7485950,0.1442,0.0000,146846.68139351648,True,0,0,0,0,0
sweep-3D-k64,Gaussian mixture,100000,3,64,202,Ball,57,14263661,0.2519,0.0000,146846.68139351648,True,0,0,0,0,0
sweep-3D-k64,Gaussian mixture,100000,3,64,202,DNAK,57,11145960,0.2536,0.0466,146846.68139351648,True,355010,16830,0,0,0
sweep-3D-k64,Gaussian mixture,100000,3,64,303,Lloyd,48,313600000,3.3690,0.0000,149028.50166961824,True,0,0,0,0,0
sweep-3D-k64,Gaussian mixture,100000,3,64,303,Hamerly,48,22040329,0.2369,0.0000,149028.50166961824,True,0,0,0,0,0
sweep-3D-k64,Gaussian mixture,100000,3,64,303,Yinyang,48,10282524,0.1841,0.0000,149028.50166961824,True,0,0,0,0,0
sweep-3D-k64,Gaussian mixture,100000,3,64,303,Exponion,48,7626405,0.1424,0.0000,149028.50166961824,True,0,0,0,0,0
sweep-3D-k64,Gaussian mixture,100000,3,64,303,Ball,48,12935382,0.2331,0.0000,149028.50166961824,True,0,0,0,0,0
sweep-3D-k64,Gaussian mixture,100000,3,64,303,DNAK,48,12484330,0.1929,0.0329,149028.50166961824,True,462153,18841,0,0,0
sweep-3D-k128,Gaussian mixture,100000,3,128,101,Lloyd,59,768000000,5.9744,0.0000,117435.04657454004,True,0,0,0,0,0
sweep-3D-k128,Gaussian mixture,100000,3,128,101,Hamerly,59,91228709,1.0372,0.0000,117435.04657454004,True,0,0,0,0,0
sweep-3D-k128,Gaussian mixture,100000,3,128,101,Yinyang,59,19264167,0.3062,0.0000,117435.04657454004,True,0,0,0,0,0
sweep-3D-k128,Gaussian mixture,100000,3,128,101,Exponion,59,15954409,0.2804,0.0000,117435.04657454004,True,0,0,0,0,0
sweep-3D-k128,Gaussian mixture,100000,3,128,101,Ball,59,22517804,0.4797,0.0000,117435.04657454004,True,0,0,0,0,0
sweep-3D-k128,Gaussian mixture,100000,3,128,101,DNAK,59,26602749,0.4251,0.0945,117435.04657454004,True,944524,30754,0,0,0
sweep-3D-k128,Gaussian mixture,100000,3,128,202,Lloyd,48,627200000,4.6935,0.0000,127058.43478512032,True,0,0,0,0,0
sweep-3D-k128,Gaussian mixture,100000,3,128,202,Hamerly,48,71996409,0.7357,0.0000,127058.43478512032,True,0,0,0,0,0
sweep-3D-k128,Gaussian mixture,100000,3,128,202,Yinyang,48,20540247,0.3564,0.0000,127058.43478512032,True,0,0,0,0,0
sweep-3D-k128,Gaussian mixture,100000,3,128,202,Exponion,48,15311579,0.3048,0.0000,127058.43478512032,True,0,0,0,0,0
sweep-3D-k128,Gaussian mixture,100000,3,128,202,Ball,48,20822465,0.3184,0.0000,127058.43478512032,True,0,0,0,0,0
sweep-3D-k128,Gaussian mixture,100000,3,128,202,DNAK,48,23801836,0.3246,0.0718,127058.43478512032,True,747822,31579,0,0,0
sweep-3D-k128,Gaussian mixture,100000,3,128,303,Lloyd,82,1062400000,8.5080,0.0000,118857.92559256655,True,0,0,0,0,0
sweep-3D-k128,Gaussian mixture,100000,3,128,303,Hamerly,82,93422719,0.8919,0.0000,118857.92559256655,True,0,0,0,0,0
sweep-3D-k128,Gaussian mixture,100000,3,128,303,Yinyang,82,22716331,0.4518,0.0000,118857.92559256655,True,0,0,0,0,0
sweep-3D-k128,Gaussian mixture,100000,3,128,303,Exponion,82,16035456,0.3142,0.0000,118857.92559256655,True,0,0,0,0,0
sweep-3D-k128,Gaussian mixture,100000,3,128,303,Ball,82,26140372,0.5637,0.0000,118857.92559256655,True,0,0,0,0,0
sweep-3D-k128,Gaussian mixture,100000,3,128,303,DNAK,82,27546286,0.4439,0.1179,118857.92559256655,True,1012462,31783,0,0,0
sweep-3D-k256,Gaussian mixture,100000,3,256,101,Lloyd,60,1561600000,13.1486,0.0000,104506.39579979866,True,0,0,0,0,0
sweep-3D-k256,Gaussian mixture,100000,3,256,101,Hamerly,60,229310609,2.6511,0.0000,104506.39579979866,True,0,0,0,0,0
sweep-3D-k256,Gaussian mixture,100000,3,256,101,Yinyang,60,39620180,0.7082,0.0000,104506.39579979866,True,0,0,0,0,0
sweep-3D-k256,Gaussian mixture,100000,3,256,101,Exponion,60,30436457,0.6043,0.0000,104506.39579979866,True,0,0,0,0,0
sweep-3D-k256,Gaussian mixture,100000,3,256,101,Ball,60,37316824,0.7296,0.0000,104506.39579979866,True,0,0,0,0,0
sweep-3D-k256,Gaussian mixture,100000,3,256,101,DNAK,60,43366983,0.6340,0.1934,104506.39579979866,True,1169706,42325,0,0,0
sweep-3D-k256,Gaussian mixture,100000,3,256,202,Lloyd,56,1459200000,10.9102,0.0000,103665.7351507287,True,0,0,0,0,0
sweep-3D-k256,Gaussian mixture,100000,3,256,202,Hamerly,56,238947891,2.5611,0.0000,103665.7351507287,True,0,0,0,0,0
sweep-3D-k256,Gaussian mixture,100000,3,256,202,Yinyang,56,39614397,0.6961,0.0000,103665.7351507287,True,0,0,0,0,0
sweep-3D-k256,Gaussian mixture,100000,3,256,202,Exponion,56,30249017,0.5058,0.0000,103665.7351507287,True,0,0,0,0,0
sweep-3D-k256,Gaussian mixture,100000,3,256,202,Ball,56,36634433,0.6500,0.0000,103665.7351507287,True,0,0,0,0,0
sweep-3D-k256,Gaussian mixture,100000,3,256,202,DNAK,56,44802514,0.6280,0.1759,103665.7351507287,True,1247183,50205,0,0,0
sweep-3D-k256,Gaussian mixture,100000,3,256,303,Lloyd,45,1177600000,8.6044,0.0000,101456.858142327,True,0,0,0,0,0
sweep-3D-k256,Gaussian mixture,100000,3,256,303,Hamerly,45,250369405,2.3139,0.0000,101456.858142327,True,0,0,0,0,0
sweep-3D-k256,Gaussian mixture,100000,3,256,303,Yinyang,45,39625663,0.6349,0.0000,101456.858142327,True,0,0,0,0,0
sweep-3D-k256,Gaussian mixture,100000,3,256,303,Exponion,45,30675814,0.4532,0.0000,101456.858142327,True,0,0,0,0,0
sweep-3D-k256,Gaussian mixture,100000,3,256,303,Ball,45,34480292,0.5073,0.0000,101456.858142327,True,0,0,0,0,0
sweep-3D-k256,Gaussian mixture,100000,3,256,303,DNAK,45,45716139,0.5214,0.1256,101456.858142327,True,1324136,48081,0,0,0
sweep-3D-k512,Gaussian mixture,100000,3,512,101,Lloyd,57,2969600000,22.7556,0.0000,89699.40133674453,True,0,0,0,0,0
sweep-3D-k512,Gaussian mixture,100000,3,512,101,Hamerly,57,664189462,5.9996,0.0000,89699.40133674453,True,0,0,0,0,0
sweep-3D-k512,Gaussian mixture,100000,3,512,101,Yinyang,57,71933456,1.5250,0.0000,89699.40133674453,True,0,0,0,0,0
sweep-3D-k512,Gaussian mixture,100000,3,512,101,Exponion,57,59563055,1.5136,0.0000,89699.40133674453,True,0,0,0,0,0
sweep-3D-k512,Gaussian mixture,100000,3,512,101,Ball,57,65859779,1.4573,0.0000,89699.40133674453,True,0,0,0,0,0
sweep-3D-k512,Gaussian mixture,100000,3,512,101,DNAK,57,76720613,0.9545,0.3212,89699.40133674453,True,1617158,56901,0,0,0
sweep-3D-k512,Gaussian mixture,100000,3,512,202,Lloyd,86,4454400000,36.2097,0.0000,88674.49151007159,True,0,0,0,0,0
sweep-3D-k512,Gaussian mixture,100000,3,512,202,Hamerly,86,943174771,8.6491,0.0000,88674.49151007159,True,0,0,0,0,0
sweep-3D-k512,Gaussian mixture,100000,3,512,202,Yinyang,86,73690029,2.1049,0.0000,88674.49151007159,True,0,0,0,0,0
sweep-3D-k512,Gaussian mixture,100000,3,512,202,Exponion,86,63554486,1.9938,0.0000,88674.49151007159,True,0,0,0,0,0
sweep-3D-k512,Gaussian mixture,100000,3,512,202,Ball,86,73178549,1.9579,0.0000,88674.49151007159,True,0,0,0,0,0
sweep-3D-k512,Gaussian mixture,100000,3,512,202,DNAK,86,87167158,1.2430,0.4965,88674.49151007159,True,2315516,59492,0,0,0
sweep-3D-k512,Gaussian mixture,100000,3,512,303,Lloyd,71,3686400000,28.8477,0.0000,88541.87073819092,True,0,0,0,0,0
sweep-3D-k512,Gaussian mixture,100000,3,512,303,Hamerly,71,889911030,7.7213,0.0000,88541.87073819092,True,0,0,0,0,0
sweep-3D-k512,Gaussian mixture,100000,3,512,303,Yinyang,71,72444101,1.7611,0.0000,88541.87073819092,True,0,0,0,0,0
sweep-3D-k512,Gaussian mixture,100000,3,512,303,Exponion,71,62315625,1.6991,0.0000,88541.87073819092,True,0,0,0,0,0
sweep-3D-k512,Gaussian mixture,100000,3,512,303,Ball,71,69380384,1.8797,0.0000,88541.87073819092,True,0,0,0,0,0
sweep-3D-k512,Gaussian mixture,100000,3,512,303,DNAK,71,85642673,1.2401,0.4199,88541.87073819092,True,2207751,60360,0,0,0
sweep-2D-k64,Gaussian mixture,100000,2,64,101,DNAK-6,84,1603334,0.1440,0.0203,53929.576401572245,True,0,0,18,0,0
sweep-2D-k64,Gaussian mixture,100000,2,64,202,DNAK-6,69,1746546,0.1224,0.0176,54250.93596711798,True,0,0,21,0,0
sweep-2D-k64,Gaussian mixture,100000,2,64,303,DNAK-6,136,2336580,0.2302,0.0354,55977.51772185816,True,0,0,35,0,0
sweep-2D-k96,Gaussian mixture,100000,2,96,101,DNAK-6,131,2972837,0.2859,0.0590,44659.16330883647,True,0,0,39,0,0
sweep-2D-k96,Gaussian mixture,100000,2,96,202,DNAK-6,96,2816214,0.1915,0.0394,45188.899056647046,True,0,0,40,0,0
sweep-2D-k96,Gaussian mixture,100000,2,96,303,DNAK-6,136,2746333,0.2293,0.0431,45672.600708509024,True,0,0,35,0,0
sweep-2D-k128,Gaussian mixture,100000,2,128,101,DNAK-6,221,3954934,0.3783,0.0843,39719.80160250726,True,0,0,47,0,0
sweep-2D-k128,Gaussian mixture,100000,2,128,202,DNAK-6,149,3674472,0.2674,0.0671,40109.332006386234,True,0,0,49,0,0
sweep-2D-k128,Gaussian mixture,100000,2,128,303,DNAK-6,221,3749979,0.3012,0.0652,39933.37887867159,True,0,0,44,0,0
sweep-2D-k192,Gaussian mixture,100000,2,192,101,DNAK-6,203,4627048,0.3676,0.1070,29762.776326187402,True,0,0,55,0,0
sweep-2D-k192,Gaussian mixture,100000,2,192,202,DNAK-6,93,3410287,0.2012,0.0576,29781.71650328741,True,0,0,38,0,0
sweep-2D-k192,Gaussian mixture,100000,2,192,303,DNAK-6,120,3685335,0.2690,0.0747,30003.034246845804,True,0,0,41,0,0
sweep-2D-k256,Gaussian mixture,100000,2,256,101,DNAK-6,156,5067408,0.3874,0.1447,24540.90457776366,True,0,0,71,0,0
sweep-2D-k256,Gaussian mixture,100000,2,256,202,DNAK-6,169,4497838,0.3083,0.1045,24686.846201684417,True,0,0,58,0,0
sweep-2D-k256,Gaussian mixture,100000,2,256,303,DNAK-6,170,3991457,0.3314,0.1131,24727.55802484987,True,0,0,54,0,0
sweep-2D-k384,Gaussian mixture,100000,2,384,101,DNAK-6,106,3805156,0.2522,0.1103,17481.1590105789,True,0,0,54,0,0
sweep-2D-k384,Gaussian mixture,100000,2,384,202,DNAK-6,148,3673706,0.3238,0.1365,17397.012753010495,True,0,0,55,0,0
sweep-2D-k384,Gaussian mixture,100000,2,384,303,DNAK-6,157,4517991,0.4248,0.1874,17437.912057234927,True,0,0,70,0,0
sweep-2D-k512,Gaussian mixture,100000,2,512,101,DNAK-6,90,3198532,0.2795,0.1382,13242.382730731635,True,0,0,46,0,0
sweep-2D-k512,Gaussian mixture,100000,2,512,202,DNAK-6,105,3831294,0.3473,0.1808,13182.675736441877,True,0,0,62,0,0
sweep-2D-k512,Gaussian mixture,100000,2,512,303,DNAK-6,91,3158442,0.3324,0.1582,13293.51067989201,True,0,0,46,0,0
sweep-3D-k64,Gaussian mixture,100000,3,64,101,DNAK-6,48,1234493,0.1271,0.0412,126621.43620165743,True,0,0,30,0,0
sweep-3D-k64,Gaussian mixture,100000,3,64,202,DNAK-6,57,1160990,0.1430,0.0413,146846.68139351648,True,0,0,28,0,0
sweep-3D-k64,Gaussian mixture,100000,3,64,303,DNAK-6,48,1252338,0.1053,0.0299,149028.50166961824,True,0,0,26,0,0
sweep-3D-k128,Gaussian mixture,100000,3,128,101,DNAK-6,59,2607210,0.1850,0.0868,117435.04657454004,True,0,0,51,0,0
sweep-3D-k128,Gaussian mixture,100000,3,128,202,DNAK-6,48,2466212,0.1552,0.0626,127058.43478512032,True,0,0,30,0,0
sweep-3D-k128,Gaussian mixture,100000,3,128,303,DNAK-6,82,2655836,0.2212,0.0953,118857.92559256655,True,0,0,45,0,0
sweep-3D-k256,Gaussian mixture,100000,3,256,101,DNAK-6,60,4126279,0.2787,0.1552,104506.39579979866,True,0,0,42,0,0
sweep-3D-k256,Gaussian mixture,100000,3,256,202,DNAK-6,56,4601883,0.3131,0.1733,103665.7351507287,True,0,0,41,0,0
sweep-3D-k256,Gaussian mixture,100000,3,256,303,DNAK-6,45,4615197,0.2929,0.1592,101456.858142327,True,0,0,40,0,0
sweep-3D-k512,Gaussian mixture,100000,3,512,101,DNAK-6,57,7179149,0.6077,0.4271,89699.40133674453,True,0,0,53,0,0
sweep-3D-k512,Gaussian mixture,100000,3,512,202,DNAK-6,86,7894447,0.8543,0.6298,88674.49151007159,True,0,0,75,0,0
sweep-3D-k512,Gaussian mixture,100000,3,512,303,DNAK-6,71,7577017,0.7307,0.5312,88541.87073819092,True,0,0,66,0,0
