config,seed,iters,time_dnak_b,time_dnak6,comps_dnak_b,comps_dnak6,graph_dnak_b,graph_dnak6,exact
synth-2D-k64,101,91,0.2406,0.1484,17702415,2084170,0.0283,0.0219,True
synth-2D-k64,202,98,0.2445,0.1520,15426390,2281059,0.0310,0.0221,True
synth-2D-k64,303,111,0.2334,0.1599,12761698,1744846,0.0373,0.0217,True
synth-2D-k64,404,83,0.1985,0.1345,12926535,1888891,0.0256,0.0201,True
synth-2D-k64,505,92,0.2505,0.1552,17817315,2294383,0.0281,0.0252,True
synth-2D-k64,606,94,0.2286,0.1548,14277333,1968000,0.0311,0.0236,True
synth-2D-k64,707,133,0.2708,0.1604,16037235,2116658,0.0407,0.0236,True
synth-2D-k64,808,135,0.2643,0.1751,16501936,2387424,0.0394,0.0263,True
synth-2D-k64,909,149,0.3428,0.2159,15433208,2297809,0.0651,0.0294,True
synth-2D-k64,1010,76,0.1989,0.1338,13464724,1755569,0.0258,0.0205,True
synth-2D-k128,101,194,0.4853,0.3031,28549124,3637972,0.0965,0.0719,True
synth-2D-k128,202,144,0.4317,0.2534,25819554,3404507,0.0869,0.0595,True
synth-2D-k128,303,146,0.4174,0.2428,26491317,3549020,0.0703,0.0547,True
synth-2D-k128,404,144,0.3691,0.2297,25477023,3458077,0.0659,0.0504,True
synth-2D-k128,505,215,0.4646,0.3372,27863775,4213859,0.1000,0.0773,True
synth-2D-k128,606,105,0.3492,0.2257,24389669,3339011,0.0575,0.0537,True
synth-2D-k128,707,192,0.5152,0.3394,30022671,4448184,0.0972,0.0756,True
synth-2D-k128,808,163,0.4580,0.3109,28570102,4131094,0.0832,0.0733,True
synth-2D-k128,909,123,0.3588,0.2254,26780411,3690950,0.0579,0.0513,True
synth-2D-k128,1010,166,0.4523,0.2249,27829375,3368880,0.0892,0.0474,True
synth-3D-k64,101,48,0.2375,0.1107,12372035,1260013,0.0342,0.0336,True
synth-3D-k64,202,85,0.2306,0.1484,19197072,1548708,0.0460,0.0452,True
synth-3D-k64,303,107,0.2918,0.1734,20144323,1798976,0.0580,0.0483,True
synth-3D-k64,404,45,0.1487,0.0913,13705198,1288621,0.0259,0.0242,True
synth-3D-k64,505,47,0.1749,0.1098,12689066,1197805,0.0268,0.0324,True
synth-3D-k64,606,76,0.2460,0.1608,14841155,1443862,0.0546,0.0495,True
synth-3D-k64,707,59,0.2260,0.1208,15086693,1242169,0.0396,0.0342,True
synth-3D-k64,808,41,0.1739,0.1131,14351590,1541906,0.0273,0.0297,True
synth-3D-k64,909,59,0.2261,0.1417,16452637,1422515,0.0394,0.0444,True
synth-3D-k64,1010,57,0.2392,0.1303,14182983,1399104,0.0394,0.0359,True
synth-4D-k64,101,36,0.1572,0.1274,6898918,675700,0.0830,0.0903,True
synth-4D-k64,202,39,0.1572,0.1456,5287279,527078,0.0932,0.1088,True
synth-4D-k64,303,44,0.1677,0.1662,4850882,547769,0.1056,0.1277,True
synth-4D-k64,404,28,0.1430,0.1205,6921598,570420,0.0708,0.0885,True
synth-4D-k64,505,19,0.1780,0.1038,8026061,662387,0.0609,0.0653,True
synth-4D-k64,606,32,0.1144,0.1215,4375605,495554,0.0639,0.0877,True
synth-4D-k64,707,31,0.1240,0.1328,4995040,523933,0.0728,0.0976,True
synth-4D-k64,808,48,0.2231,0.2021,7567978,619994,0.1326,0.1490,True
synth-4D-k64,909,32,0.1443,0.1365,5988741,628681,0.0768,0.0988,True
synth-4D-k64,1010,28,0.1155,0.1048,6232655,541735,0.0582,0.0757,True
uber-k64,101,54,0.4730,0.2092,38845261,3730074,0.0220,0.0152,True
uber-k64,202,63,0.4459,0.2750,43157164,4534130,0.0256,0.0189,True
uber-k64,303,119,0.5896,0.3935,41083798,6581724,0.0465,0.0269,True
uber-k64,404,93,0.4612,0.2919,38507605,5327572,0.0313,0.0197,True
uber-k64,505,69,0.4520,0.2169,39345368,3175119,0.0255,0.0148,True
uber-k256,101,55,0.7075,0.2264,75843861,3965700,0.0523,0.0401,True
uber-k256,202,103,0.9777,0.3261,99521837,4489104,0.0934,0.0610,True
uber-k256,303,130,1.0348,0.4763,88667236,7186401,0.1171,0.0930,True
uber-k256,404,78,0.7799,0.3279,84049081,4796319,0.0656,0.0666,True
uber-k256,505,56,0.7774,0.2536,80430576,4362701,0.0557,0.0462,True
road-k64,101,211,2.1530,1.6343,170298920,40096319,0.1622,0.1673,True
road-k64,202,150,1.5991,1.0688,117127302,24333378,0.1124,0.0970,True
road-k64,303,256,2.4960,1.7348,142230345,35803809,0.1994,0.1704,True
road-k64,404,230,2.3063,1.4765,143318961,35012882,0.1740,0.1519,True
road-k64,505,119,1.6122,1.0086,128829114,30944799,0.1055,0.0924,True
china-k64,101,147,1.3049,0.8631,95808971,19446896,0.1140,0.1436,True
china-k64,202,277,1.4820,1.1780,87706608,20593299,0.1850,0.1882,True
china-k64,303,165,1.1940,0.9430,103995443,23444248,0.1029,0.1390,True
china-k64,404,296,2.0377,1.6040,138264964,32260091,0.2169,0.2745,True
china-k64,505,173,1.2900,0.9444,89807130,19612692,0.1197,0.1601,True
flower-k32,101,97,0.7127,0.4678,48493029,9636675,0.0426,0.0359,True
flower-k32,202,82,0.7053,0.4608,47647066,11211996,0.0374,0.0339,True
flower-k32,303,107,0.6954,0.4949,43088352,10567036,0.0458,0.0348,True
flower-k32,404,249,1.2647,0.9511,66244326,14682367,0.1002,0.0736,True
flower-k32,505,64,0.5562,0.3507,40066544,10226618,0.0257,0.0212,True
