config,k,seed,algo,iters,comps,time_s,centroid_side_s
synth-2D-k128,128,101,Exponion,194,22402534,0.7892,0.1629
synth-2D-k128,128,101,Exponion-annuli,194,26705859,0.6096,0.1214
synth-2D-k128,128,101,DNAK,194,28549124,0.499,0.0943
synth-2D-k128,128,202,Exponion,144,20434147,0.4952,0.1002
synth-2D-k128,128,202,Exponion-annuli,144,24011258,0.4888,0.0884
synth-2D-k128,128,202,DNAK,144,25819554,0.4048,0.0661
synth-2D-k128,128,303,Exponion,146,20766107,0.4978,0.0978
synth-2D-k128,128,303,Exponion-annuli,146,24681193,0.4958,0.09
synth-2D-k128,128,303,DNAK,146,26491317,0.4144,0.0673
uber-k256,256,101,Exponion,55,59387277,0.7665,0.1486
uber-k256,256,101,Exponion-annuli,55,67094603,0.9465,0.1701
uber-k256,256,101,DNAK,55,75843861,0.8301,0.056
uber-k256,256,202,Exponion,103,70443803,1.2797,0.2892
uber-k256,256,202,Exponion-annuli,103,86880993,1.6583,0.2803
uber-k256,256,202,DNAK,103,99521837,1.1436,0.0948
uber-k256,256,303,Exponion,130,68455142,1.4261,0.3806
uber-k256,256,303,Exponion-annuli,130,81009834,1.3438,0.335
uber-k256,256,303,DNAK,130,88667236,1.1812,0.135
sweep-2D-k512,512,101,Exponion,90,58731652,1.8242,1.1671
sweep-2D-k512,512,101,Exponion-annuli,90,63857540,1.7559,1.0407
sweep-2D-k512,512,101,DNAK,90,63715212,0.8625,0.1933
sweep-2D-k512,512,202,Exponion,105,60845745,2.0667,1.2913
sweep-2D-k512,512,202,Exponion-annuli,105,67852778,1.9543,1.1754
sweep-2D-k512,512,202,DNAK,105,67708330,0.8963,0.1839
sweep-2D-k512,512,303,Exponion,91,58693501,1.7728,1.142
sweep-2D-k512,512,303,Exponion-annuli,91,64205131,1.7032,1.0101
sweep-2D-k512,512,303,DNAK,91,64379621,0.7492,0.1548
sweep-3D-k512,512,101,Exponion,57,59563055,1.5028,0.7423
sweep-3D-k512,512,101,Exponion-annuli,57,66448675,1.2277,0.5908
sweep-3D-k512,512,101,DNAK,57,76720613,1.0307,0.3689
sweep-3D-k512,512,202,Exponion,86,63554486,1.8779,1.0512
sweep-3D-k512,512,202,Exponion-annuli,86,73127906,1.7375,0.8893
sweep-3D-k512,512,202,DNAK,86,87167158,1.4102,0.5666
sweep-3D-k512,512,303,Exponion,71,62315625,1.6876,0.9004
sweep-3D-k512,512,303,Exponion-annuli,71,71514864,1.6315,0.7421
sweep-3D-k512,512,303,DNAK,71,85642673,1.3862,0.4711
