config,seed,variant,iters,comps,time_s,graph_time_s,rebuilds,exact
sweep-2D-k512,101,DNAK,90,63715212,1.2161,0.2245,0,True
sweep-2D-k512,101,DNAK-2,90,57593903,1.1877,0.2477,0,True
sweep-2D-k512,101,DNAK-5,90,3198532,0.5697,0.3138,0,True
sweep-2D-k512,101,DNAK-6,90,3198532,0.4407,0.2218,46,True
sweep-2D-k512,202,DNAK,105,67708330,1.1704,0.2162,0,True
sweep-2D-k512,202,DNAK-2,105,59277548,1.1375,0.2741,0,True
sweep-2D-k512,202,DNAK-5,105,3831294,0.5151,0.2947,0,True
sweep-2D-k512,202,DNAK-6,105,3831294,0.4950,0.2731,62,True
sweep-2D-k512,303,DNAK,91,64379621,1.0577,0.1865,0,True
sweep-2D-k512,303,DNAK-2,91,57508089,1.1041,0.2443,0,True
sweep-2D-k512,303,DNAK-5,91,3158442,0.5054,0.2819,0,True
sweep-2D-k512,303,DNAK-6,91,3158442,0.4112,0.2153,46,True
sweep-3D-k512,101,DNAK,57,76720613,1.5236,0.4514,0,True
sweep-3D-k512,101,DNAK-2,57,58754999,1.4895,0.5765,0,True
sweep-3D-k512,101,DNAK-5,57,7179149,0.8322,0.5598,0,True
sweep-3D-k512,101,DNAK-6,57,7179149,0.9392,0.6520,53,True
sweep-3D-k512,202,DNAK,86,87167158,2.1975,0.7597,0,True
sweep-3D-k512,202,DNAK-2,86,62228311,1.8719,0.8236,0,True
sweep-3D-k512,202,DNAK-5,86,7894447,1.2077,0.8603,0,True
sweep-3D-k512,202,DNAK-6,86,7894447,1.2985,0.9472,75,True
sweep-3D-k512,303,DNAK,71,85642673,2.0277,0.6154,0,True
sweep-3D-k512,303,DNAK-2,71,61169915,1.6226,0.6595,0,True
sweep-3D-k512,303,DNAK-5,71,7577017,1.0227,0.6939,0,True
sweep-3D-k512,303,DNAK-6,71,7577017,1.1067,0.7965,66,True
uber-k256,101,DNAK,55,75843861,1.1701,0.0775,0,True
uber-k256,101,DNAK-2,55,57148581,1.0518,0.1108,0,True
uber-k256,101,DNAK-5,55,3965700,0.3934,0.1099,0,True
uber-k256,101,DNAK-6,55,3965700,0.3282,0.0649,21,True
uber-k256,202,DNAK,103,99521837,1.7366,0.1513,0,True
uber-k256,202,DNAK-2,103,65243883,1.3911,0.1843,0,True
uber-k256,202,DNAK-5,103,4489104,0.5750,0.1933,0,True
uber-k256,202,DNAK-6,103,4489104,0.4599,0.1006,27,True
uber-k256,303,DNAK,130,88667236,1.6602,0.1818,0,True
uber-k256,303,DNAK-2,130,64594954,1.4204,0.2255,0,True
uber-k256,303,DNAK-5,130,7186401,0.8664,0.2751,0,True
uber-k256,303,DNAK-6,130,7186401,0.7480,0.1736,48,True
