config,k,d,seed,algo,iters,comps,time_s,graph_time_s,sort_time_s,deg_mean,deg_max,exact
synth-2D-k128,128,2,101,Hamerly,194,199645825,1.8654,0.0,0.0,,,True
synth-2D-k128,128,2,101,Hamerly-noS,194,292530205,2.8827,0.0,0.0,,,True
synth-2D-k128,128,2,101,DNAK,194,28549124,0.6016,0.1104,0.0,5.771,11.0,True
synth-2D-k128,128,2,101,DNAK+s,194,23625175,0.5912,0.1033,0.0,5.771,11.0,True
synth-2D-k128,128,2,101,Exponion,194,22402534,0.6886,0.0,0.1499,,,True
synth-2D-k128,128,2,202,Hamerly,144,162454375,1.5429,0.0,0.0,,,True
synth-2D-k128,128,2,202,Hamerly-noS,144,242636626,2.3825,0.0,0.0,,,True
synth-2D-k128,128,2,202,DNAK,144,25819554,0.4266,0.0741,0.0,5.773,10.0,True
synth-2D-k128,128,2,202,DNAK+s,144,21583666,0.5102,0.0804,0.0,5.773,10.0,True
synth-2D-k128,128,2,202,Exponion,144,20434147,0.5247,0.0,0.1081,,,True
synth-2D-k128,128,2,303,Hamerly,146,166537729,1.7086,0.0,0.0,,,True
synth-2D-k128,128,2,303,Hamerly-noS,146,254218319,2.2001,0.0,0.0,,,True
synth-2D-k128,128,2,303,DNAK,146,26491317,0.4813,0.08,0.0,5.795,9.0,True
synth-2D-k128,128,2,303,DNAK+s,146,21864162,0.5067,0.0817,0.0,5.795,9.0,True
synth-2D-k128,128,2,303,Exponion,146,20766107,0.6224,0.0,0.1119,,,True
synth-3D-k64,64,3,101,Hamerly,48,22159302,0.3055,0.0,0.0,,,True
synth-3D-k64,64,3,101,Hamerly-noS,48,34566732,0.3771,0.0,0.0,,,True
synth-3D-k64,64,3,101,DNAK,48,12372035,0.2414,0.0444,0.0,12.163,19.0,True
synth-3D-k64,64,3,101,DNAK+s,48,9773131,0.2643,0.0491,0.0,12.163,19.0,True
synth-3D-k64,64,3,101,Exponion,48,7707827,0.2037,0.0,0.0149,,,True
synth-3D-k64,64,3,202,Hamerly,85,40177820,0.4346,0.0,0.0,,,True
synth-3D-k64,64,3,202,Hamerly-noS,85,67577396,0.8249,0.0,0.0,,,True
synth-3D-k64,64,3,202,DNAK,85,19197072,0.4731,0.0821,0.0,12.0,20.0,True
synth-3D-k64,64,3,202,DNAK+s,85,13508288,0.3992,0.0781,0.0,12.0,20.0,True
synth-3D-k64,64,3,202,Exponion,85,9144183,0.219,0.0,0.019,,,True
synth-3D-k64,64,3,303,Hamerly,107,44502594,0.522,0.0,0.0,,,True
synth-3D-k64,64,3,303,Hamerly-noS,107,71849989,1.0438,0.0,0.0,,,True
synth-3D-k64,64,3,303,DNAK,107,20144323,0.3398,0.0752,0.0,12.189,21.0,True
synth-3D-k64,64,3,303,DNAK+s,107,14321621,0.4833,0.1031,0.0,12.189,21.0,True
synth-3D-k64,64,3,303,Exponion,107,9360296,0.2795,0.0,0.0279,,,True
uber-k256,256,2,101,Hamerly,55,393922503,3.4942,0.0,0.0,,,True
uber-k256,256,2,101,Hamerly-noS,55,959140123,9.0439,0.0,0.0,,,True
uber-k256,256,2,101,DNAK,55,75843861,0.7053,0.052,0.0,5.93,11.0,True
uber-k256,256,2,101,DNAK+s,55,61251486,0.7364,0.0542,0.0,5.93,11.0,True
uber-k256,256,2,101,Exponion,55,59387277,1.1014,0.0,0.2078,,,True
uber-k256,256,2,202,Hamerly,103,865947216,8.453,0.0,0.0,,,True
uber-k256,256,2,202,Hamerly-noS,103,1858261619,15.5184,0.0,0.0,,,True
uber-k256,256,2,202,DNAK,103,99521837,1.1442,0.0941,0.0,5.922,11.0,True
uber-k256,256,2,202,DNAK+s,103,73794625,1.0394,0.0956,0.0,5.922,11.0,True
uber-k256,256,2,202,Exponion,103,70443803,1.2017,0.0,0.2722,,,True
uber-k256,256,2,303,Hamerly,130,724918780,6.8348,0.0,0.0,,,True
uber-k256,256,2,303,Hamerly-noS,130,1403232660,13.7843,0.0,0.0,,,True
uber-k256,256,2,303,DNAK,130,88667236,1.2653,0.1617,0.0,5.922,13.0,True
uber-k256,256,2,303,DNAK+s,130,70912066,1.5039,0.163,0.0,5.922,13.0,True
uber-k256,256,2,303,Exponion,130,68455142,1.7549,0.0,0.3969,,,True
road-k64,64,3,101,Hamerly,211,505347153,6.14,0.0,0.0,,,True
road-k64,64,3,101,Hamerly-noS,211,685928528,8.941,0.0,0.0,,,True
road-k64,64,3,101,DNAK,211,170298920,2.5446,0.1782,0.0,12.472,22.0,True
road-k64,64,3,101,DNAK+s,211,133114550,2.1909,0.1681,0.0,12.472,22.0,True
road-k64,64,3,101,Exponion,211,95412602,2.4787,0.0,0.058,,,True
road-k64,64,3,202,Hamerly,150,325363926,4.3184,0.0,0.0,,,True
road-k64,64,3,202,Hamerly-noS,150,441720620,5.301,0.0,0.0,,,True
road-k64,64,3,202,DNAK,150,117127302,1.7991,0.1283,0.0,12.287,21.0,True
road-k64,64,3,202,DNAK+s,150,93156468,2.0955,0.1411,0.0,12.287,21.0,True
road-k64,64,3,202,Exponion,150,69132938,2.0425,0.0,0.0487,,,True
road-k64,64,3,303,Hamerly,256,433753113,5.852,0.0,0.0,,,True
road-k64,64,3,303,Hamerly-noS,256,566347296,7.8047,0.0,0.0,,,True
road-k64,64,3,303,DNAK,256,142230345,3.203,0.2334,0.0,12.082,22.0,True
road-k64,64,3,303,DNAK+s,256,115014797,2.807,0.2289,0.0,12.082,22.0,True
road-k64,64,3,303,Exponion,256,89059254,2.8819,0.0,0.0752,,,True
sweep-2D-k512,512,2,101,Hamerly,90,582863662,7.2286,0.0,0.0,,,True
sweep-2D-k512,512,2,101,Hamerly-noS,90,924404457,8.289,0.0,0.0,,,True
sweep-2D-k512,512,2,101,DNAK,90,63715212,1.0338,0.1897,0.0,5.934,11.0,True
sweep-2D-k512,512,2,101,DNAK+s,90,59133343,1.6248,0.1724,0.0,5.934,11.0,True
sweep-2D-k512,512,2,101,Exponion,90,58731652,2.0065,0.0,1.2299,,,True
sweep-2D-k512,512,2,202,Hamerly,105,745057089,8.2192,0.0,0.0,,,True
sweep-2D-k512,512,2,202,Hamerly-noS,105,1214710140,11.7452,0.0,0.0,,,True
sweep-2D-k512,512,2,202,DNAK,105,67708330,0.898,0.1895,0.0,5.92,11.0,True
sweep-2D-k512,512,2,202,DNAK+s,105,61424096,1.8658,0.2143,0.0,5.92,11.0,True
sweep-2D-k512,512,2,202,Exponion,105,60845745,2.1107,0.0,1.3512,,,True
sweep-2D-k512,512,2,303,Hamerly,91,595313719,5.9429,0.0,0.0,,,True
sweep-2D-k512,512,2,303,Hamerly-noS,91,978323865,9.3551,0.0,0.0,,,True
sweep-2D-k512,512,2,303,DNAK,91,64379621,0.8203,0.1781,0.0,5.928,11.0,True
sweep-2D-k512,512,2,303,DNAK+s,91,59274919,1.7946,0.1954,0.0,5.928,11.0,True
sweep-2D-k512,512,2,303,Exponion,91,58693501,2.5124,0.0,1.5344,,,True
sweep-3D-k512,512,3,101,Hamerly,57,664189462,7.6424,0.0,0.0,,,True
sweep-3D-k512,512,3,101,Hamerly-noS,57,879369098,8.0987,0.0,0.0,,,True
sweep-3D-k512,512,3,101,DNAK,57,76720613,1.2475,0.4098,0.0,14.427,29.0,True
sweep-3D-k512,512,3,101,DNAK+s,57,70309145,1.9863,0.4993,0.0,14.427,29.0,True
sweep-3D-k512,512,3,101,Exponion,57,59563055,1.6181,0.0,0.7726,,,True
sweep-3D-k512,512,3,202,Hamerly,86,943174771,9.7730,0.0000,0.0000,nan,,True
sweep-3D-k512,512,3,202,Hamerly-noS,86,1236953851,11.9727,0.0000,0.0000,nan,,True
sweep-3D-k512,512,3,202,DNAK,86,87167158,1.9986,0.6478,0.0000,14.361,28,True
sweep-3D-k512,512,3,202,DNAK+s,86,78384163,2.0761,0.5815,0.0000,14.361,28,True
sweep-3D-k512,512,3,202,Exponion,86,63554486,2.4855,0.0000,1.4888,nan,,True
sweep-3D-k512,512,3,303,Hamerly,71,889911030,8.6016,0.0000,0.0000,nan,,True
sweep-3D-k512,512,3,303,Hamerly-noS,71,1181749190,10.9839,0.0000,0.0000,nan,,True
sweep-3D-k512,512,3,303,DNAK,71,85642673,1.2196,0.4661,0.0000,14.408,29,True
sweep-3D-k512,512,3,303,DNAK+s,71,76916318,2.1856,0.4958,0.0000,14.408,29,True
sweep-3D-k512,512,3,303,Exponion,71,62315625,1.5703,0.0000,0.9087,nan,,True
