config,algo,comps_mean,comps_std,red_mean,red_std
synth n=10000 d=2 k=32,Lloyd,10666666,798220,1.0,0.0
synth n=10000 d=2 k=32,Hamerly,1032271,193999,10.65,1.92
synth n=10000 d=2 k=32,Elkan,416207,9845,25.6,1.4
synth n=10000 d=2 k=32,DNAK,622402,83588,17.4,2.39
synth n=10000 d=2 k=100,Lloyd,35000000,1414213,1.0,0.0
synth n=10000 d=2 k=100,Hamerly,6007260,81320,5.83,0.21
synth n=10000 d=2 k=100,Elkan,1165737,5380,30.02,1.09
synth n=10000 d=2 k=100,DNAK,1601109,16091,21.86,0.83
synth n=20000 d=3 k=64,Lloyd,32000000,9969767,1.0,0.0
synth n=20000 d=3 k=64,Hamerly,3850341,424541,8.18,1.74
synth n=20000 d=3 k=64,Elkan,1437901,46693,22.06,6.08
synth n=20000 d=3 k=64,DNAK,2304886,158253,13.77,3.65
synth n=20000 d=4 k=64,Lloyd,28160000,8554640,1.0,0.0
synth n=20000 d=4 k=64,Hamerly,2817088,481922,9.83,1.58
synth n=20000 d=4 k=64,Elkan,1379481,28198,20.31,5.8
synth n=20000 d=4 k=64,DNAK,2446707,363348,11.29,1.96
synth n=30000 d=2 k=128,Lloyd,339200000,37797947,1.0,0.0
synth n=30000 d=2 k=128,Hamerly,38577359,4780173,8.83,0.64
synth n=30000 d=2 k=128,Elkan,4947189,137683,68.41,5.74
synth n=30000 d=2 k=128,DNAK,6965496,410619,48.6,3.42
china-RGB n=30000 d=3 k=64,Lloyd,195200000,56006399,1.0,0.0
china-RGB n=30000 d=3 k=64,Hamerly,25770842,4763979,7.53,1.29
china-RGB n=30000 d=3 k=64,Elkan,3410915,432882,56.17,8.91
china-RGB n=30000 d=3 k=64,DNAK,8250028,1138783,23.4,4.31
flower-RGB n=30000 d=3 k=32,Lloyd,78400000,7449885,1.0,0.0
flower-RGB n=30000 d=3 k=32,Hamerly,10192669,835760,7.8,1.4
flower-RGB n=30000 d=3 k=32,Elkan,2148409,99094,36.41,1.87
flower-RGB n=30000 d=3 k=32,DNAK,5480772,491379,14.54,2.72
digits-PCA3 n=1797 d=3 k=10,Lloyd,401330,8471,1.0,0.0
digits-PCA3 n=1797 d=3 k=10,Hamerly,71036,3044,5.66,0.32
digits-PCA3 n=1797 d=3 k=10,Elkan,39973,454,10.04,0.2
digits-PCA3 n=1797 d=3 k=10,DNAK,70714,3188,5.69,0.34
