config,algo,dcred,dcred_std,sp,sp_std,time
synth n=100000 d=3 k=64,Lloyd,1.0,0.0,1.0,0.0,2.718
synth n=100000 d=3 k=64,Exponion,44.91,3.27,16.84,1.17,0.163
synth n=100000 d=3 k=64,DNAK,25.01,3.37,10.14,0.76,0.27
synth n=100000 d=3 k=64,DNAK-Lazy,16.77,2.79,9.28,1.37,0.303
synth n=50000 d=4 k=64,Lloyd,1.0,0.0,1.0,0.0,1.061
synth n=50000 d=4 k=64,Exponion,38.23,10.26,15.83,3.12,0.066
synth n=50000 d=4 k=64,DNAK,22.59,6.23,3.34,0.13,0.315
synth n=50000 d=4 k=64,DNAK-Lazy,18.11,5.56,5.7,0.87,0.184
china-RGB n=273280 d=3 k=64,Lloyd,1.0,0.0,1.0,0.0,24.905
china-RGB n=273280 d=3 k=64,Exponion,66.52,7.64,19.72,0.86,1.256
china-RGB n=273280 d=3 k=64,DNAK,36.21,4.46,16.56,1.1,1.491
china-RGB n=273280 d=3 k=64,DNAK-Lazy,18.97,2.87,11.6,1.24,2.127
synth n=100000 d=2 k=256,Lloyd,1.0,0.0,1.0,0.0,21.347
synth n=100000 d=2 k=256,Exponion,93.17,14.23,25.7,1.87,0.826
synth n=100000 d=2 k=256,DNAK,80.51,12.85,32.48,2.67,0.653
synth n=100000 d=2 k=256,DNAK-Lazy,24.62,4.12,17.06,2.59,1.25
