source,config,d,k,time_ratio_gmean,dnak_faster,seeds
raw_main.csv,china-k64,3,64,0.901,0,5
raw_main.csv,flower-k32,3,32,0.841,0,5
raw_main.csv,road-k64,3,64,0.782,1,5
raw_main.csv,synth-2D-k128,2,128,1.217,8,10
raw_main.csv,synth-2D-k64,2,64,0.967,5,10
raw_main.csv,synth-3D-k64,3,64,0.794,2,10
raw_main.csv,synth-4D-k64,4,64,0.375,0,10
raw_main.csv,uber-k256,2,256,1.157,4,5
raw_main.csv,uber-k64,2,64,0.945,2,5
raw_ksweep.csv,sweep-2D-k128,2,128,1.011,2,3
raw_ksweep.csv,sweep-2D-k192,2,192,1.093,3,3
raw_ksweep.csv,sweep-2D-k256,2,256,1.659,3,3
raw_ksweep.csv,sweep-2D-k384,2,384,2.017,3,3
raw_ksweep.csv,sweep-2D-k512,2,512,2.452,3,3
raw_ksweep.csv,sweep-2D-k64,2,64,0.876,0,3
raw_ksweep.csv,sweep-2D-k96,2,96,1.055,2,3
raw_ksweep.csv,sweep-3D-k128,3,128,0.760,0,3
raw_ksweep.csv,sweep-3D-k256,3,256,0.874,0,3
raw_ksweep.csv,sweep-3D-k512,3,512,1.516,3,3
raw_ksweep.csv,sweep-3D-k64,3,64,0.709,0,3
