config,walks,hops,graph,total,comps,hops_per_walk,graph_share
synth-2D-k64,12652972,534598,0.3003,2.7665,152348789,0.0423,0.1085
synth-2D-k128,19734608,688949,0.7218,4.4512,271793021,0.0349,0.1622
synth-3D-k64,6542134,252062,0.3819,2.2661,153022752,0.0385,0.1685
synth-4D-k64,1259218,43703,0.8360,1.6121,61144757,0.0347,0.5186
uber-k64,20592833,495900,0.1213,2.3804,200939196,0.0241,0.0510
uber-k256,24788215,501780,0.4120,4.4897,428512591,0.0202,0.0918
road-k64,40822407,1501285,0.7349,11.9008,701804642,0.0368,0.0618
china-k64,35980272,1000685,0.6740,7.8787,515583116,0.0278,0.0855
flower-k32,19131261,926636,0.1953,3.9615,245539317,0.0484,0.0493
