config,algo,t,c,deg,dmax
road-k64,DNAK,2.5156,143218855.6667,12.2803,22.0000
road-k64,DNAK+s,2.3645,113761938.3333,12.2803,22.0000
road-k64,Exponion (full sort),2.4677,84534931.3333,,
road-k64,Hamerly,5.4368,421488064.0000,,
road-k64,Hamerly-noS,7.3489,564665481.3333,,
sweep-2D-k512,DNAK,0.9174,65267721.0000,5.9273,11.0000
sweep-2D-k512,DNAK+s,1.7617,59944119.3333,5.9273,11.0000
sweep-2D-k512,Exponion (full sort),2.2099,59423632.6667,,
sweep-2D-k512,Hamerly,7.1302,641078156.6667,,
sweep-2D-k512,Hamerly-noS,9.7964,1039146154.0000,,
sweep-3D-k512,DNAK,1.4886,83176814.6667,14.3987,29.0000
sweep-3D-k512,DNAK+s,2.0827,75203208.6667,14.3987,29.0000
sweep-3D-k512,Exponion (full sort),1.8913,61811055.3333,,
sweep-3D-k512,Hamerly,8.6723,832425087.6667,,
sweep-3D-k512,Hamerly-noS,10.3518,1099357379.6667,,
synth-2D-k128,DNAK,0.5032,26953331.6667,5.7797,11.0000
synth-2D-k128,DNAK+s,0.5360,22357667.6667,5.7797,11.0000
synth-2D-k128,Exponion (full sort),0.6119,21200929.3333,,
synth-2D-k128,Hamerly,1.7056,176212643.0000,,
synth-2D-k128,Hamerly-noS,2.4884,263128383.3333,,
synth-3D-k64,DNAK,0.3514,17237810.0000,12.1173,21.0000
synth-3D-k64,DNAK+s,0.3823,12534346.6667,12.1173,21.0000
synth-3D-k64,Exponion (full sort),0.2341,8737435.3333,,
synth-3D-k64,Hamerly,0.4207,35613238.6667,,
synth-3D-k64,Hamerly-noS,0.7486,57998039.0000,,
uber-k256,DNAK,1.0383,88010978.0000,5.9247,13.0000
uber-k256,DNAK+s,1.0932,68652725.6667,5.9247,13.0000
uber-k256,Exponion (full sort),1.3527,66095407.3333,,
uber-k256,Hamerly,6.2607,661596166.3333,,
uber-k256,Hamerly-noS,12.7822,1406878134.0000,,
