config,DNAK,DNAK-Lazy,DNAK_std,DNAK-Lazy_std,rebuilds,iters,examined,failed,fail_rate
synth-2D-k64,18.5684,12.7939,4.1328,2.8893,52.4000,106.2000,13557009,2313839,0.1707
synth-2D-k128,32.1367,17.6115,5.6886,2.9364,78.4000,159.2000,21194459,3113908,0.1469
synth-3D-k64,13.6354,11.3564,2.2714,1.4971,30.1000,62.4000,7046621,1113059,0.1580
synth-4D-k64,6.0106,7.7703,1.3924,2.2379,15.4000,33.7000,1357285,186618,0.1375
uber-k64,14.9816,6.4472,3.4456,2.4487,38.4000,79.6000,21707742,6517249,0.3002
uber-k256,36.3833,6.8302,8.7537,2.3127,41.0000,84.4000,25734609,8646249,0.3360
road-k64,17.9996,13.5063,4.1277,2.2488,93.2000,193.2000,43713852,7038846,0.1610
china-k64,18.8040,12.3299,3.5476,3.4977,102.2000,211.6000,38580346,6211109,0.1610
flower-k32,10.1332,7.6279,2.5921,2.2365,58.0000,119.8000,20451337,3744951,0.1831
