n,algo,time_mean,time_std,iters,us_pt_it
100000,Ball,0.9582,0.2249,161.3333,0.0591
100000,DNAK,0.5199,0.1295,161.3333,0.0320
100000,Exponion,0.6077,0.1498,161.3333,0.0374
100000,Hamerly,1.8995,0.4244,161.3333,0.1171
100000,Yinyang,0.7000,0.1025,161.3333,0.0435
300000,Ball,3.7407,1.5841,299.3333,0.0424
300000,DNAK,1.8968,0.3218,299.3333,0.0239
300000,Exponion,2.0839,0.6116,299.3333,0.0250
300000,Hamerly,6.7256,2.3704,299.3333,0.0794
300000,Yinyang,2.8725,0.9043,299.3333,0.0342
1000000,Ball,12.6552,5.0882,314.3333,0.0410
1000000,DNAK,5.9873,2.3495,314.3333,0.0194
1000000,Exponion,7.4225,2.5366,314.3333,0.0244
1000000,Hamerly,26.0868,9.6876,314.3333,0.0851
1000000,Yinyang,13.0543,4.2059,314.3333,0.0432
