config,algo,t,cs,asg,c
sweep-2D-k512,DNAK,0.8360,0.1773,0.6587,65267721.0000
sweep-2D-k512,Exponion,1.8879,1.2001,0.6878,59423632.6667
sweep-2D-k512,Exponion-annuli,1.8045,1.0754,0.7291,65305149.6667
sweep-3D-k512,DNAK,1.2757,0.4689,0.8068,83176814.6667
sweep-3D-k512,Exponion,1.6894,0.8980,0.7915,61811055.3333
sweep-3D-k512,Exponion-annuli,1.5322,0.7407,0.7915,70363815.0000
synth-2D-k128,DNAK,0.4394,0.0759,0.3635,26953331.6667
synth-2D-k128,Exponion,0.5941,0.1203,0.4738,21200929.3333
synth-2D-k128,Exponion-annuli,0.5314,0.0999,0.4315,25132770.0000
uber-k256,DNAK,1.0516,0.0953,0.9564,88010978.0000
uber-k256,Exponion,1.1574,0.2728,0.8846,66095407.3333
uber-k256,Exponion-annuli,1.3162,0.2618,1.0544,78328476.6667
