config,algo,n,d,k,seeds,iters,time_mean,time_std,speedup_mean,speedup_std,dcred_mean,dcred_std,all_exact
sweep-2D-k128,Ball,100000,2,128,3,197.0000,1.0095,0.3931,19.2981,2.3887,52.0265,3.3448,True
sweep-2D-k128,DNAK,100000,2,128,3,197.0000,0.6154,0.0768,31.2100,10.2378,87.7720,21.5140,True
sweep-2D-k128,DNAK-6,100000,2,128,3,197.0000,0.3156,0.0568,59.3387,10.7607,666.2611,126.0189,True
sweep-2D-k128,Exponion,100000,2,128,3,197.0000,0.6346,0.1672,29.6364,1.2509,112.1231,24.6531,True
sweep-2D-k128,Hamerly,100000,2,128,3,197.0000,2.0848,0.1349,8.9773,2.0793,12.6247,3.3716,True
sweep-2D-k128,Lloyd,100000,2,128,3,197.0000,18.9021,5.4109,1.0000,0.0000,1.0000,0.0000,True
sweep-2D-k128,Yinyang,100000,2,128,3,197.0000,0.6894,0.1785,27.2707,1.0116,80.0051,15.0306,True
sweep-2D-k192,Ball,100000,2,192,3,138.6667,1.0182,0.4124,20.0070,0.8811,58.0935,10.0166,True
sweep-2D-k192,DNAK,100000,2,192,3,138.6667,0.6333,0.1407,31.2001,4.2431,77.0822,23.1444,True
sweep-2D-k192,DNAK-6,100000,2,192,3,138.6667,0.2793,0.0837,71.4394,5.2635,668.7045,162.0722,True
sweep-2D-k192,Exponion,100000,2,192,3,138.6667,0.6941,0.1720,28.4973,3.1153,92.8844,28.9030,True
sweep-2D-k192,Hamerly,100000,2,192,3,138.6667,2.8221,0.4396,6.9911,1.4043,9.7757,1.5348,True
sweep-2D-k192,Lloyd,100000,2,192,3,138.6667,20.1318,7.2315,1.0000,0.0000,1.0000,0.0000,True
sweep-2D-k192,Yinyang,100000,2,192,3,138.6667,0.8490,0.1856,23.2874,3.5395,70.4165,27.1741,True
sweep-2D-k256,Ball,100000,2,256,3,165.0000,1.3619,0.0528,24.1341,1.7260,75.6402,1.5985,True
sweep-2D-k256,DNAK,100000,2,256,3,165.0000,0.6175,0.0152,53.1896,3.3539,97.7809,5.9483,True
sweep-2D-k256,DNAK-6,100000,2,256,3,165.0000,0.3424,0.0407,96.5638,9.7093,952.4885,152.3589,True
sweep-2D-k256,Exponion,100000,2,256,3,165.0000,1.0244,0.0256,32.0674,2.1338,114.6518,5.6678,True
sweep-2D-k256,Hamerly,100000,2,256,3,165.0000,4.0390,0.2476,8.1569,0.8327,9.9619,0.6513,True
sweep-2D-k256,Lloyd,100000,2,256,3,165.0000,32.8187,1.5736,1.0000,0.0000,1.0000,0.0000,True
sweep-2D-k256,Yinyang,100000,2,256,3,165.0000,1.2029,0.3170,28.3746,6.3416,93.6993,10.3811,True
sweep-2D-k384,Ball,100000,2,384,3,137.0000,1.8096,0.4290,22.4447,1.8526,82.9847,10.4695,True
sweep-2D-k384,DNAK,100000,2,384,3,137.0000,0.8615,0.2005,47.0637,3.2371,96.1130,15.5160,True
sweep-2D-k384,DNAK-6,100000,2,384,3,137.0000,0.3336,0.0867,122.1916,13.6351,1326.7141,239.2351,True
sweep-2D-k384,Exponion,100000,2,384,3,137.0000,1.7097,0.1743,23.3573,2.1438,108.3150,18.0903,True
sweep-2D-k384,Hamerly,100000,2,384,3,137.0000,6.0165,0.9580,6.6641,0.4448,9.1873,0.6624,True
sweep-2D-k384,Lloyd,100000,2,384,3,137.0000,40.1137,6.9934,1.0000,0.0000,1.0000,0.0000,True
sweep-2D-k384,Yinyang,100000,2,384,3,137.0000,1.4894,0.1469,26.7978,2.3066,91.0000,15.1003,True
sweep-2D-k512,Ball,100000,2,512,3,95.3333,1.7301,0.1725,20.7969,1.0864,71.8005,4.6279,True
sweep-2D-k512,DNAK,100000,2,512,3,95.3333,0.8073,0.1095,44.7780,4.2146,75.4823,4.0472,True
sweep-2D-k512,DNAK-6,100000,2,512,3,95.3333,0.3197,0.0356,112.6576,5.9587,1454.8605,37.4444,True
sweep-2D-k512,Exponion,100000,2,512,3,95.3333,1.9741,0.1859,18.2420,1.4599,82.9269,5.4489,True
sweep-2D-k512,Hamerly,100000,2,512,3,95.3333,6.4971,0.0228,5.5221,0.3358,7.7301,0.3882,True
sweep-2D-k512,Lloyd,100000,2,512,3,95.3333,35.8806,2.2548,1.0000,0.0000,1.0000,0.0000,True
sweep-2D-k512,Yinyang,100000,2,512,3,95.3333,1.7614,0.1745,20.4657,1.8704,73.7300,4.5428,True
sweep-2D-k64,Ball,100000,2,64,3,96.3333,0.4044,0.1085,11.1167,1.1897,28.1390,2.6265,True
sweep-2D-k64,DNAK,100000,2,64,3,96.3333,0.2563,0.0390,17.5946,4.4996,44.6408,9.7284,True
sweep-2D-k64,DNAK-6,100000,2,64,3,96.3333,0.1655,0.0570,27.4205,1.3842,323.6829,60.8912,True
sweep-2D-k64,Exponion,100000,2,64,3,96.3333,0.2258,0.0476,19.7926,3.1549,61.3046,15.0758,True
sweep-2D-k64,Hamerly,100000,2,64,3,96.3333,0.4531,0.1056,9.8721,1.3407,13.3911,1.4401,True
sweep-2D-k64,Lloyd,100000,2,64,3,96.3333,4.5645,1.6789,1.0000,0.0000,1.0000,0.0000,True
sweep-2D-k64,Yinyang,100000,2,64,3,96.3333,0.3190,0.0374,14.0604,3.5619,37.5308,9.0526,True
sweep-2D-k96,Ball,100000,2,96,3,121.0000,0.5571,0.0998,15.7347,1.1915,38.0251,2.5097,True
sweep-2D-k96,DNAK,100000,2,96,3,121.0000,0.3563,0.0884,24.8177,1.3686,55.8689,7.8818,True
sweep-2D-k96,DNAK-6,100000,2,96,3,121.0000,0.2356,0.0475,37.6080,6.8106,411.9364,75.1490,True
sweep-2D-k96,Exponion,100000,2,96,3,121.0000,0.3695,0.0411,23.6510,3.3161,74.9995,10.6216,True
sweep-2D-k96,Hamerly,100000,2,96,3,121.0000,0.9807,0.1346,8.9492,1.4615,11.0847,1.1967,True
sweep-2D-k96,Lloyd,100000,2,96,3,121.0000,8.7711,1.7555,1.0000,0.0000,1.0000,0.0000,True
sweep-2D-k96,Yinyang,100000,2,96,3,121.0000,0.5377,0.0649,16.6649,5.1010,47.4223,8.8110,True
sweep-3D-k128,Ball,100000,3,128,3,63.0000,0.4539,0.1247,14.0962,1.4326,34.9566,5.3117,True
sweep-3D-k128,DNAK,100000,3,128,3,63.0000,0.3979,0.0641,15.8933,2.8419,31.2626,6.4506,True
sweep-3D-k128,DNAK-6,100000,3,128,3,63.0000,0.1871,0.0331,33.6662,4.2790,316.3032,75.2462,True
sweep-3D-k128,Exponion,100000,3,128,3,63.0000,0.2998,0.0174,21.2612,5.8400,51.7843,13.0338,True
sweep-3D-k128,Hamerly,100000,3,128,3,63.0000,0.8883,0.1508,7.2263,2.0268,9.5006,1.6272,True
sweep-3D-k128,Lloyd,100000,3,128,3,63.0000,6.3920,1.9412,1.0000,0.0000,1.0000,0.0000,True
sweep-3D-k128,Yinyang,100000,3,128,3,63.0000,0.3715,0.0740,17.1707,3.4820,39.0567,8.1467,True
sweep-3D-k256,Ball,100000,3,256,3,53.6667,0.6290,0.1126,17.2559,0.6690,38.6104,3.9898,True
sweep-3D-k256,DNAK,100000,3,256,3,53.6667,0.5945,0.0633,18.2048,2.2375,31.4458,5.2166,True
sweep-3D-k256,DNAK-6,100000,3,256,3,53.6667,0.2949,0.0173,37.1335,9.1187,316.8990,61.6479,True
sweep-3D-k256,Exponion,100000,3,256,3,53.6667,0.5211,0.0767,20.7715,1.5492,45.9783,6.7495,True
sweep-3D-k256,Hamerly,100000,3,256,3,53.6667,2.5087,0.1746,4.3127,0.6222,5.8734,1.0725,True
sweep-3D-k256,Lloyd,100000,3,256,3,53.6667,10.8877,2.2722,1.0000,0.0000,1.0000,0.0000,True
sweep-3D-k256,Yinyang,100000,3,256,3,53.6667,0.6797,0.0393,15.9306,2.5168,35.3225,5.0219,True
sweep-3D-k512,Ball,100000,3,512,3,71.3333,1.7650,0.2693,16.4853,1.7448,53.0311,7.8908,True
sweep-3D-k512,DNAK,100000,3,512,3,71.3333,1.1459,0.1657,25.4112,3.2343,44.2842,6.2899,True
sweep-3D-k512,DNAK-6,100000,3,512,3,71.3333,0.7309,0.1233,39.7701,2.4827,488.1370,75.3141,True
sweep-3D-k512,Exponion,100000,3,512,3,71.3333,1.7355,0.2422,16.7245,1.5789,59.7004,10.1267,True
sweep-3D-k512,Hamerly,100000,3,512,3,71.3333,7.4567,1.3444,3.9052,0.2453,4.4454,0.2910,True
sweep-3D-k512,Lloyd,100000,3,512,3,71.3333,29.2710,6.7370,1.0000,0.0000,1.0000,0.0000,True
sweep-3D-k512,Yinyang,100000,3,512,3,71.3333,1.7970,0.2916,16.1683,1.1552,50.8722,9.5826,True
sweep-3D-k64,Ball,100000,3,64,3,51.0000,0.2198,0.0405,13.0086,3.0309,24.9373,0.9532,True
sweep-3D-k64,DNAK,100000,3,64,3,51.0000,0.2017,0.0481,14.4878,4.3774,27.0924,5.4969,True
sweep-3D-k64,DNAK-6,100000,3,64,3,51.0000,0.1251,0.0189,23.1363,7.9097,274.7234,39.0164,True
sweep-3D-k64,Exponion,100000,3,64,3,51.0000,0.1404,0.0052,19.9328,3.5293,43.5546,5.2558,True
sweep-3D-k64,Hamerly,100000,3,64,3,51.0000,0.2352,0.0112,11.9165,2.2263,15.3559,3.0926,True
sweep-3D-k64,Lloyd,100000,3,64,3,51.0000,2.7971,0.5077,1.0000,0.0000,1.0000,0.0000,True
sweep-3D-k64,Yinyang,100000,3,64,3,51.0000,0.1664,0.0205,16.8499,2.4476,35.1884,6.6857,True
