config,algo,comps,bound_ops,total
synth n=10000 d=2 k=32,Lloyd,10666666,0,63999996
synth n=10000 d=2 k=32,Hamerly,1032271,666666,6860292
synth n=10000 d=2 k=32,Elkan,416207,11000000,13497242
synth n=10000 d=2 k=32,DNAK,622402,666666,4401078
synth n=10000 d=2 k=100,Lloyd,35000000,0,210000000
synth n=10000 d=2 k=100,Hamerly,6007260,700000,36743560
synth n=10000 d=2 k=100,Elkan,1165737,35350000,42344422
synth n=10000 d=2 k=100,DNAK,1601109,700000,10306654
synth n=20000 d=3 k=64,Lloyd,32000000,0,288000000
synth n=20000 d=3 k=64,Hamerly,3850341,1000000,35653069
synth n=20000 d=3 k=64,Elkan,1437901,32500000,45441109
synth n=20000 d=3 k=64,DNAK,2304886,1000000,21743974
synth n=20000 d=4 k=64,Lloyd,28160000,0,337920000
synth n=20000 d=4 k=64,Hamerly,2817088,880000,34685056
synth n=20000 d=4 k=64,Elkan,1379481,28600000,45153772
synth n=20000 d=4 k=64,DNAK,2446707,880000,30240484
synth n=30000 d=2 k=128,Lloyd,339200000,0,2035200000
synth n=30000 d=2 k=128,Hamerly,38577359,5300000,236764154
synth n=30000 d=2 k=128,Elkan,4947189,341850000,371533134
synth n=30000 d=2 k=128,DNAK,6965496,5300000,47092976
china-RGB n=30000 d=3 k=64,Lloyd,195200000,0,1756800000
china-RGB n=30000 d=3 k=64,Hamerly,25770842,6100000,238037578
china-RGB n=30000 d=3 k=64,Elkan,3410915,198250000,228948235
china-RGB n=30000 d=3 k=64,DNAK,8250028,6100000,80350252
flower-RGB n=30000 d=3 k=32,Lloyd,78400000,0,705600000
flower-RGB n=30000 d=3 k=32,Hamerly,10192669,4900000,96634021
flower-RGB n=30000 d=3 k=32,Elkan,2148409,80850000,100185681
flower-RGB n=30000 d=3 k=32,DNAK,5480772,4900000,54226948
digits-PCA3 n=1797 d=3 k=10,Lloyd,401330,0,3611970
digits-PCA3 n=1797 d=3 k=10,Hamerly,71036,80266,719590
digits-PCA3 n=1797 d=3 k=10,Elkan,39973,441463,801220
digits-PCA3 n=1797 d=3 k=10,DNAK,70714,80266,716692
